full_address,estimate_date,estimate_value,estimate_range,link
"29A Nalanda Crescent, Broadmeadows, Wellington",1/01/1970,$910K,$870K - $950K,https://www.homes.co.nz/address/wellington/broadmeadows/29a-nalanda-crescent/OgEaj
"6A Hindipur Terrace, Broadmeadows, Wellington",11/05/2017,$950K,$910K - $995K,https://www.homes.co.nz/address/wellington/broadmeadows/6a-hindipur-terrace/BlWj5
"60 John Sims Drive, Broadmeadows, Wellington",1/07/1997,$1.26M,$1.2M - $1.31M,https://www.homes.co.nz/address/wellington/broadmeadows/60-john-sims-drive/ggO29
"2 Orissa Crescent, Broadmeadows, Wellington",25/08/2019,$1.67M,$1.6M - $1.74M,https://www.homes.co.nz/address/wellington/broadmeadows/2-orissa-crescent/849VG
"58A John Sims Drive, Broadmeadows, Wellington",24/01/2005,$820K,$785K - $855K,https://www.homes.co.nz/address/wellington/broadmeadows/58a-john-sims-drive/7Ev5N
"25B Orissa Crescent, Broadmeadows, Wellington",1/01/1970,$745K,$710K - $775K,https://www.homes.co.nz/address/wellington/broadmeadows/25b-orissa-crescent/NXNP4
"1/27 Kanpur Road, Broadmeadows, Wellington",4/04/2018,$885K,$845K - $925K,https://www.homes.co.nz/address/wellington/broadmeadows/1-27-kanpur-road/x4zBz
"22 Kanpur Road, Broadmeadows, Wellington",1/01/1970,$1.04M,$995K - $1.08M,https://www.homes.co.nz/address/wellington/broadmeadows/22-kanpur-road/o0WqQ
"19 Nalanda Crescent, Broadmeadows, Wellington",9/03/2003,$985K,$940K - $1.03M,https://www.homes.co.nz/address/wellington/broadmeadows/19-nalanda-crescent/Y2gRn
"7 Orissa Crescent, Broadmeadows, Wellington",7/12/2019,$1.16M,$1.11M - $1.21M,https://www.homes.co.nz/address/wellington/broadmeadows/7-orissa-crescent/ekwWx
"4A Sirsi Terrace, Broadmeadows, Wellington",20/11/2013,$1.29M,$1.24M - $1.35M,https://www.homes.co.nz/address/wellington/broadmeadows/4a-sirsi-terrace/jDJkM
"9A Sirsi Terrace, Broadmeadows, Wellington",13/09/2012,$1.32M,$1.26M - $1.37M,https://www.homes.co.nz/address/wellington/broadmeadows/9a-sirsi-terrace/2EbA8
"1 Sirsi Terrace, Broadmeadows, Wellington",1/01/1970,$970K,$930K - $1.01M,https://www.homes.co.nz/address/wellington/broadmeadows/1-sirsi-terrace/LD8ao
"24 Orissa Crescent, Broadmeadows, Wellington",1/01/1970,$1.34M,$1.29M - $1.4M,https://www.homes.co.nz/address/wellington/broadmeadows/24-orissa-crescent/9Y58P
"7 Nagpur Terrace, Broadmeadows, Wellington",15/02/2006,$1.23M,$1.18M - $1.29M,https://www.homes.co.nz/address/wellington/broadmeadows/7-nagpur-terrace/lXEqo
"28 Marjory Close, Broadmeadows, Wellington",14/10/2006,$1.26M,$1.21M - $1.32M,https://www.homes.co.nz/address/wellington/broadmeadows/28-marjory-close/15EoR
"11 Orissa Crescent, Broadmeadows, Wellington",6/12/2012,$1.27M,$1.21M - $1.33M,https://www.homes.co.nz/address/wellington/broadmeadows/11-orissa-crescent/K0anQ
"24B John Sims Drive, Broadmeadows, Wellington",11/02/2020,$1M,$955K - $1.04M,https://www.homes.co.nz/address/wellington/broadmeadows/24b-john-sims-drive/o0kpQ
"68 John Sims Drive, Broadmeadows, Wellington",16/08/2001,$945K,$905K - $985K,https://www.homes.co.nz/address/wellington/broadmeadows/68-john-sims-drive/AlqgQ
"19 Jaunpur Crescent, Broadmeadows, Wellington",2/02/2015,$940K,$900K - $985K,https://www.homes.co.nz/address/wellington/broadmeadows/19-jaunpur-crescent/DGqgM
"1 Sanchi Way, Broadmeadows, Wellington",27/05/2019,$1.08M,$1.03M - $1.13M,https://www.homes.co.nz/address/wellington/broadmeadows/1-sanchi-way/bLGjk
"54 John Sims Drive, Broadmeadows, Wellington",6/11/2010,$1.19M,$1.14M - $1.24M,https://www.homes.co.nz/address/wellington/broadmeadows/54-john-sims-drive/Ogokn
"23 Orissa Crescent, Broadmeadows, Wellington",6/06/2003,$740K,$710K - $775K,https://www.homes.co.nz/address/wellington/broadmeadows/23-orissa-crescent/ggZbe
"5A Marjory Close, Broadmeadows, Wellington",1/01/1970,$380K,$350K - $415K,https://www.homes.co.nz/address/wellington/broadmeadows/5a-marjory-close/alQxB
"101 Kanpur Road, Broadmeadows, Wellington",3/09/2012,$1.04M,$995K - $1.08M,https://www.homes.co.nz/address/wellington/broadmeadows/101-kanpur-road/JxlgO
"7H Marjory Close, Broadmeadows, Wellington",19/11/2015,$935K,$890K - $975K,https://www.homes.co.nz/address/wellington/broadmeadows/7h-marjory-close/jDkxj
"3 Rajkot Terrace, Broadmeadows, Wellington",28/03/2018,$1.05M,$1M - $1.09M,https://www.homes.co.nz/address/wellington/broadmeadows/3-rajkot-terrace/Ogypj
"1/39 Kanpur Road, Broadmeadows, Wellington",14/02/2005,$880K,$840K - $920K,https://www.homes.co.nz/address/wellington/broadmeadows/1-39-kanpur-road/9Y8pe
"14B Kanpur Road, Broadmeadows, Wellington",15/03/2000,$745K,$715K - $780K,https://www.homes.co.nz/address/wellington/broadmeadows/14b-kanpur-road/o0x8a
"5 Orissa Crescent, Broadmeadows, Wellington",10/10/2017,$1.18M,$1.12M - $1.23M,https://www.homes.co.nz/address/wellington/broadmeadows/5-orissa-crescent/E055G
"74 John Sims Drive, Broadmeadows, Wellington",4/12/2006,$1.24M,$1.19M - $1.29M,https://www.homes.co.nz/address/wellington/broadmeadows/74-john-sims-drive/9YxjJ
"12A Marjory Close, Broadmeadows, Wellington",22/01/2018,$1.01M,$965K - $1.05M,https://www.homes.co.nz/address/wellington/broadmeadows/12a-marjory-close/W9rpk
"15 Sirsi Terrace, Broadmeadows, Wellington",9/03/2020,$950K,$905K - $990K,https://www.homes.co.nz/address/wellington/broadmeadows/15-sirsi-terrace/ZoZP1
"13 Marjory Close, Broadmeadows, Wellington",7/12/2005,$945K,$900K - $985K,https://www.homes.co.nz/address/wellington/broadmeadows/13-marjory-close/0r2lQ
"107B Kanpur Road, Broadmeadows, Wellington",1/01/1970,$900K,$865K - $940K,https://www.homes.co.nz/address/wellington/broadmeadows/107b-kanpur-road/84pR7
"9 Sirsi Terrace, Broadmeadows, Wellington",13/03/2014,$1.31M,$1.25M - $1.37M,https://www.homes.co.nz/address/wellington/broadmeadows/9-sirsi-terrace/E0oeK
"12A Hindipur Terrace, Broadmeadows, Wellington",14/11/2020,$1.04M,$990K - $1.08M,https://www.homes.co.nz/address/wellington/broadmeadows/12a-hindipur-terrace/2EvR8
"22D John Sims Drive, Broadmeadows, Wellington",8/10/2004,$910K,$870K - $950K,https://www.homes.co.nz/address/wellington/broadmeadows/22d-john-sims-drive/bBajl
"24D John Sims Drive, Broadmeadows, Wellington",27/02/2007,$955K,$910K - $995K,https://www.homes.co.nz/address/wellington/broadmeadows/24d-john-sims-drive/zOLJJ
"17 Sirsi Terrace, Broadmeadows, Wellington",15/05/2020,$905K,$870K - $945K,https://www.homes.co.nz/address/wellington/broadmeadows/17-sirsi-terrace/ekyNW
"71 Nalanda Crescent, Broadmeadows, Wellington",11/05/2020,$905K,$870K - $945K,https://www.homes.co.nz/address/wellington/broadmeadows/71-nalanda-crescent/NX7M9
"63B Nalanda Crescent, Broadmeadows, Wellington",1/01/1970,$810K,$775K - $845K,https://www.homes.co.nz/address/wellington/broadmeadows/63b-nalanda-crescent/VY5ol
"31A Nalanda Crescent, Broadmeadows, Wellington",25/03/2009,$1.11M,$1.06M - $1.16M,https://www.homes.co.nz/address/wellington/broadmeadows/31a-nalanda-crescent/ekMNW
"27 Jaunpur Crescent, Broadmeadows, Wellington",1/01/1970,$1.19M,$1.14M - $1.25M,https://www.homes.co.nz/address/wellington/broadmeadows/27-jaunpur-crescent/eBJbw
"3 Nalanda Crescent, Broadmeadows, Wellington",24/01/2002,$915K,$875K - $955K,https://www.homes.co.nz/address/wellington/broadmeadows/3-nalanda-crescent/K0jGq
"40 Jaunpur Crescent, Broadmeadows, Wellington",26/09/2019,$1.11M,$1.06M - $1.16M,https://www.homes.co.nz/address/wellington/broadmeadows/40-jaunpur-crescent/5ED5L
"69 Nalanda Crescent, Broadmeadows, Wellington",15/02/1996,$850K,$815K - $890K,https://www.homes.co.nz/address/wellington/broadmeadows/69-nalanda-crescent/9YA0K
"9 Nagpur Terrace, Broadmeadows, Wellington",4/04/2018,$1.23M,$1.17M - $1.28M,https://www.homes.co.nz/address/wellington/broadmeadows/9-nagpur-terrace/2E9p8
"28 Orissa Crescent, Broadmeadows, Wellington",31/12/2008,$1.27M,$1.22M - $1.33M,https://www.homes.co.nz/address/wellington/broadmeadows/28-orissa-crescent/lXgwX
"15 Kanpur Road, Broadmeadows, Wellington",1/01/1970,$1.14M,$1.09M - $1.19M,https://www.homes.co.nz/address/wellington/broadmeadows/15-kanpur-road/kkKVo
"21 Rajkot Terrace, Broadmeadows, Wellington",12/02/1999,$975K,$935K - $1.02M,https://www.homes.co.nz/address/wellington/broadmeadows/21-rajkot-terrace/alYwL
"3 Bharat Terrace, Broadmeadows, Wellington",15/11/2013,$1.17M,$1.12M - $1.22M,https://www.homes.co.nz/address/wellington/broadmeadows/3-bharat-terrace/MkWOK
"43 Orissa Crescent, Broadmeadows, Wellington",29/01/2003,$1.82M,$1.74M - $1.9M,https://www.homes.co.nz/address/wellington/broadmeadows/43-orissa-crescent/zOXB5
"107A Kanpur Road, Broadmeadows, Wellington",1/01/1970,$905K,$865K - $945K,https://www.homes.co.nz/address/wellington/broadmeadows/107a-kanpur-road/DGqAD
"13A Marjory Close, Broadmeadows, Wellington",8/11/2002,$945K,$905K - $985K,https://www.homes.co.nz/address/wellington/broadmeadows/13a-marjory-close/15p2q
"8 Orissa Crescent, Broadmeadows, Wellington",25/11/2003,$945K,$905K - $985K,https://www.homes.co.nz/address/wellington/broadmeadows/8-orissa-crescent/Y2EDy
"4 Hindipur Terrace, Broadmeadows, Wellington",1/01/1970,$905K,$865K - $945K,https://www.homes.co.nz/address/wellington/broadmeadows/4-hindipur-terrace/Jx7bY
"65 Nalanda Crescent, Broadmeadows, Wellington",16/05/2006,$990K,$945K - $1.03M,https://www.homes.co.nz/address/wellington/broadmeadows/65-nalanda-crescent/0r90G
"79 Burma Road, Broadmeadows, Wellington",16/11/2006,$1.06M,$1.01M - $1.11M,https://www.homes.co.nz/address/wellington/broadmeadows/79-burma-road/W4Dr1
"26 Kanpur Road, Broadmeadows, Wellington",31/01/2000,$1.16M,$1.11M - $1.21M,https://www.homes.co.nz/address/wellington/broadmeadows/26-kanpur-road/BlJD7
"3 Hindipur Terrace, Broadmeadows, Wellington",1/01/1970,$970K,$925K - $1.01M,https://www.homes.co.nz/address/wellington/broadmeadows/3-hindipur-terrace/7E1gq
"67 Nalanda Crescent, Broadmeadows, Wellington",19/05/1997,$890K,$855K - $930K,https://www.homes.co.nz/address/wellington/broadmeadows/67-nalanda-crescent/4EQek
"35 Kanpur Road, Broadmeadows, Wellington",28/04/2013,$1.12M,$1.07M - $1.17M,https://www.homes.co.nz/address/wellington/broadmeadows/35-kanpur-road/15B4p
"24A John Sims Drive, Broadmeadows, Wellington",19/11/2020,$965K,$925K - $1.01M,https://www.homes.co.nz/address/wellington/broadmeadows/24a-john-sims-drive/152DR
"98 Kanpur Road, Broadmeadows, Wellington",22/12/1998,$1.14M,$1.09M - $1.19M,https://www.homes.co.nz/address/wellington/broadmeadows/98-kanpur-road/7EZWq
"27 Orissa Crescent, Broadmeadows, Wellington",7/04/2015,$805K,$770K - $840K,https://www.homes.co.nz/address/wellington/broadmeadows/27-orissa-crescent/LDnj0
"12 Bharat Terrace, Broadmeadows, Wellington",17/12/2019,$1.83M,$1.75M - $1.91M,https://www.homes.co.nz/address/wellington/broadmeadows/12-bharat-terrace/OgwG1
"103 Burma Road, Broadmeadows, Wellington",1/01/1970,$1.23M,$1.17M - $1.28M,https://www.homes.co.nz/address/wellington/broadmeadows/103-burma-road/vyOZ0
"25 Kanpur Road, Broadmeadows, Wellington",8/12/2020,$1.18M,$1.12M - $1.23M,https://www.homes.co.nz/address/wellington/broadmeadows/25-kanpur-road/DL5A0
"7 Marjory Close, Broadmeadows, Wellington",22/02/2011,$1.2M,$1.15M - $1.25M,https://www.homes.co.nz/address/wellington/broadmeadows/7-marjory-close/K0baD
"16B Orissa Crescent, Broadmeadows, Wellington",30/01/2018,$670K,$640K - $695K,https://www.homes.co.nz/address/wellington/broadmeadows/16b-orissa-crescent/wxoMW
"11 Bharat Terrace, Broadmeadows, Wellington",9/05/2003,$1.29M,$1.24M - $1.35M,https://www.homes.co.nz/address/wellington/broadmeadows/11-bharat-terrace/kkVBA
"33 Orissa Crescent, Broadmeadows, Wellington",6/04/2013,$1.68M,$1.61M - $1.76M,https://www.homes.co.nz/address/wellington/broadmeadows/33-orissa-crescent/vyNAX
"3 Jaunpur Crescent, Broadmeadows, Wellington",28/04/2005,$1.46M,$1.4M - $1.52M,https://www.homes.co.nz/address/wellington/broadmeadows/3-jaunpur-crescent/4EMOa
"9 Jaunpur Crescent, Broadmeadows, Wellington",21/03/1999,$895K,$855K - $930K,https://www.homes.co.nz/address/wellington/broadmeadows/9-jaunpur-crescent/X4PPN
"18 Kanpur Road, Broadmeadows, Wellington",26/09/2014,$1.22M,$1.17M - $1.28M,https://www.homes.co.nz/address/wellington/broadmeadows/18-kanpur-road/X4VGb
"33 Nalanda Crescent, Broadmeadows, Wellington",8/02/1996,$1.02M,$975K - $1.06M,https://www.homes.co.nz/address/wellington/broadmeadows/33-nalanda-crescent/W4pNK
"30 Orissa Crescent, Broadmeadows, Wellington",7/09/2004,$1.21M,$1.16M - $1.26M,https://www.homes.co.nz/address/wellington/broadmeadows/30-orissa-crescent/OgqwN
"13 Orissa Crescent, Broadmeadows, Wellington",7/09/2017,$1.07M,$1.02M - $1.11M,https://www.homes.co.nz/address/wellington/broadmeadows/13-orissa-crescent/BlVJk
"15B Marjory Close, Broadmeadows, Wellington",24/09/2012,$935K,$895K - $975K,https://www.homes.co.nz/address/wellington/broadmeadows/15b-marjory-close/LDZp0
"6 Nagpur Terrace, Broadmeadows, Wellington",23/08/2012,$1.38M,$1.32M - $1.44M,https://www.homes.co.nz/address/wellington/broadmeadows/6-nagpur-terrace/NXYbW
"11 Sita Way, Broadmeadows, Wellington",30/09/2016,$925K,$885K - $965K,https://www.homes.co.nz/address/wellington/broadmeadows/11-sita-way/GkbW7
"20 Kanpur Road, Broadmeadows, Wellington",31/10/2014,$1.27M,$1.22M - $1.33M,https://www.homes.co.nz/address/wellington/broadmeadows/20-kanpur-road/4EPor
"9 Nalanda Crescent, Broadmeadows, Wellington",25/10/2019,$860K,$820K - $895K,https://www.homes.co.nz/address/wellington/broadmeadows/9-nalanda-crescent/NXMZW
"1 Rajkot Terrace, Broadmeadows, Wellington",17/05/2017,$1.27M,$1.21M - $1.32M,https://www.homes.co.nz/address/wellington/broadmeadows/1-rajkot-terrace/DLR2r
"3 Orissa Crescent, Broadmeadows, Wellington",27/10/2020,$1.15M,$1.1M - $1.2M,https://www.homes.co.nz/address/wellington/broadmeadows/3-orissa-crescent/Y25Qy
"33 Jaunpur Crescent, Broadmeadows, Wellington",28/01/1999,$885K,$845K - $925K,https://www.homes.co.nz/address/wellington/broadmeadows/33-jaunpur-crescent/7EzjE
"7B Marjory Close, Broadmeadows, Wellington",29/03/2018,$1.09M,$1.04M - $1.14M,https://www.homes.co.nz/address/wellington/broadmeadows/7b-marjory-close/ROWEg
"28A John Sims Drive, Broadmeadows, Wellington",26/11/2013,$995K,$955K - $1.04M,https://www.homes.co.nz/address/wellington/broadmeadows/28a-john-sims-drive/BlAyq
"16A Kanpur Road, Broadmeadows, Wellington",1/01/1970,$705K,$675K - $740K,https://www.homes.co.nz/address/wellington/broadmeadows/16a-kanpur-road/MkbAY
"37 Nalanda Crescent, Broadmeadows, Wellington",19/11/1999,$910K,$870K - $950K,https://www.homes.co.nz/address/wellington/broadmeadows/37-nalanda-crescent/vy2eO
"5 Nagpur Terrace, Broadmeadows, Wellington",27/10/2016,$1.43M,$1.37M - $1.49M,https://www.homes.co.nz/address/wellington/broadmeadows/5-nagpur-terrace/ZnKGO
"6 Bharat Terrace, Broadmeadows, Wellington",12/12/2019,$1.06M,$1.02M - $1.11M,https://www.homes.co.nz/address/wellington/broadmeadows/6-bharat-terrace/wxBwq
"36 Marjory Close, Broadmeadows, Wellington",4/07/2016,$1.06M,$1.01M - $1.11M,https://www.homes.co.nz/address/wellington/broadmeadows/36-marjory-close/ROR2E
"52 John Sims Drive, Broadmeadows, Wellington",17/02/1997,$1.16M,$1.11M - $1.22M,https://www.homes.co.nz/address/wellington/broadmeadows/52-john-sims-drive/0r52G
"22C John Sims Drive, Broadmeadows, Wellington",8/10/2004,$910K,$870K - $950K,https://www.homes.co.nz/address/wellington/broadmeadows/22c-john-sims-drive/OgMae
"45 Kanpur Road, Broadmeadows, Wellington",13/02/2002,$1.02M,$980K - $1.07M,https://www.homes.co.nz/address/wellington/broadmeadows/45-kanpur-road/4E9Za
"43 Nalanda Crescent, Broadmeadows, Wellington",30/01/2019,$1.41M,$1.35M - $1.47M,https://www.homes.co.nz/address/wellington/broadmeadows/43-nalanda-crescent/K05Qk
"49 Kanpur Road, Broadmeadows, Wellington",1/01/1970,$1.05M,$1M - $1.1M,https://www.homes.co.nz/address/wellington/broadmeadows/49-kanpur-road/X4EeB
"37 Orissa Crescent, Broadmeadows, Wellington",25/09/2019,$945K,$905K - $985K,https://www.homes.co.nz/address/wellington/broadmeadows/37-orissa-crescent/alQee
"20 Marjory Close, Broadmeadows, Wellington",5/08/2013,$1.05M,$1.01M - $1.1M,https://www.homes.co.nz/address/wellington/broadmeadows/20-marjory-close/zO8Rz
"6A Marjory Close, Broadmeadows, Wellington",20/07/2018,$1.08M,$1.03M - $1.13M,https://www.homes.co.nz/address/wellington/broadmeadows/6a-marjory-close/0rKxQ
"41A Jaunpur Crescent, Broadmeadows, Wellington",12/05/2016,$915K,$875K - $955K,https://www.homes.co.nz/address/wellington/broadmeadows/41a-jaunpur-crescent/MkAwK
"14 Marjory Close, Broadmeadows, Wellington",29/05/1998,$1.08M,$1.04M - $1.13M,https://www.homes.co.nz/address/wellington/broadmeadows/14-marjory-close/5E8aM
"1/9 Marjory Close, Broadmeadows, Wellington",13/07/1998,$840K,$800K - $875K,https://www.homes.co.nz/address/wellington/broadmeadows/1-9-marjory-close/ekQyx
"1 Jaunpur Crescent, Broadmeadows, Wellington",26/10/2001,$1.38M,$1.32M - $1.44M,https://www.homes.co.nz/address/wellington/broadmeadows/1-jaunpur-crescent/PaeQw
"15 Rajkot Terrace, Broadmeadows, Wellington",19/05/2020,$1.46M,$1.39M - $1.52M,https://www.homes.co.nz/address/wellington/broadmeadows/15-rajkot-terrace/bLOve
"6B Orissa Crescent, Broadmeadows, Wellington",1/01/1970,$780K,$745K - $815K,https://www.homes.co.nz/address/wellington/broadmeadows/6b-orissa-crescent/K0D8L
"57A Rajkot Terrace, Broadmeadows, Wellington",21/04/2021,$1.11M,$1.07M - $1.13M,https://www.homes.co.nz/address/wellington/broadmeadows/57a-rajkot-terrace/AlowQ
"7 Sita Way, Broadmeadows, Wellington",21/04/1997,$985K,$940K - $1.03M,https://www.homes.co.nz/address/wellington/broadmeadows/7-sita-way/rXEwg
"100 Kanpur Road, Broadmeadows, Wellington",16/02/2018,$1.08M,$1.04M - $1.13M,https://www.homes.co.nz/address/wellington/broadmeadows/100-kanpur-road/2ExV8
"11 Sirsi Terrace, Broadmeadows",22/05/2021,$1.3M,$1.24M - $1.36M,https://www.homes.co.nz/address/wellington/broadmeadows/11-sirsi-terrace/PawPv
"44 Jaunpur Crescent, Broadmeadows, Wellington",1/02/1999,$1.2M,$1.15M - $1.26M,https://www.homes.co.nz/address/wellington/broadmeadows/44-jaunpur-crescent/Y2wKP
"16B Kanpur Road, Broadmeadows, Wellington",1/01/1970,$700K,$670K - $730K,https://www.homes.co.nz/address/wellington/broadmeadows/16b-kanpur-road/4EBxQ
"31 Nalanda Crescent, Broadmeadows, Wellington",19/06/2015,$1.13M,$1.08M - $1.18M,https://www.homes.co.nz/address/wellington/broadmeadows/31-nalanda-crescent/bLKBb
"99 Kanpur Road, Broadmeadows, Wellington",1/09/2003,$1.11M,$1.06M - $1.16M,https://www.homes.co.nz/address/wellington/broadmeadows/99-kanpur-road/9YgyW
"4 Nagpur Terrace, Broadmeadows, Wellington",1/10/2002,$1.21M,$1.16M - $1.27M,https://www.homes.co.nz/address/wellington/broadmeadows/4-nagpur-terrace/kkGgw
"18 Orissa Crescent, Broadmeadows, Wellington",1/01/1970,$1.06M,$1.01M - $1.11M,https://www.homes.co.nz/address/wellington/broadmeadows/18-orissa-crescent/ROKJP
"10 Nagpur Terrace, Broadmeadows, Wellington",17/08/2007,$1.17M,$1.12M - $1.22M,https://www.homes.co.nz/address/wellington/broadmeadows/10-nagpur-terrace/albwy
"86 Kanpur Road, Broadmeadows, Wellington",14/11/2003,$900K,$860K - $940K,https://www.homes.co.nz/address/wellington/broadmeadows/86-kanpur-road/vyLoX
"16A Nagpur Terrace, Broadmeadows, Wellington",1/01/1970,$715K,$685K - $745K,https://www.homes.co.nz/address/wellington/broadmeadows/16a-nagpur-terrace/Mk9Vv
"37 Rajkot Terrace, Broadmeadows, Wellington",28/08/2018,$1.07M,$1.03M - $1.12M,https://www.homes.co.nz/address/wellington/broadmeadows/37-rajkot-terrace/QRgAx
"29 Jaunpur Crescent, Broadmeadows, Wellington",23/05/1996,$1.18M,$1.13M - $1.23M,https://www.homes.co.nz/address/wellington/broadmeadows/29-jaunpur-crescent/o0xyB
"14 Orissa Crescent, Broadmeadows, Wellington",1/01/1970,$1.18M,$1.13M - $1.23M,https://www.homes.co.nz/address/wellington/broadmeadows/14-orissa-crescent/ROeVq
"17 Nalanda Crescent, Broadmeadows, Wellington",29/05/2016,$1.13M,$1.08M - $1.18M,https://www.homes.co.nz/address/wellington/broadmeadows/17-nalanda-crescent/AlnVy
"17 Marjory Close, Broadmeadows, Wellington",1/01/1970,$1.24M,$1.18M - $1.29M,https://www.homes.co.nz/address/wellington/broadmeadows/17-marjory-close/VaLW9
"7G Marjory Close, Broadmeadows, Wellington",6/03/2019,$1.03M,$985K - $1.08M,https://www.homes.co.nz/address/wellington/broadmeadows/7g-marjory-close/LDZY0
"39 Orissa Crescent, Broadmeadows, Wellington",15/02/2018,$1.51M,$1.44M - $1.57M,https://www.homes.co.nz/address/wellington/broadmeadows/39-orissa-crescent/Mkp94
"97 Kanpur Road, Broadmeadows, Wellington",13/07/2016,$940K,$900K - $985K,https://www.homes.co.nz/address/wellington/broadmeadows/97-kanpur-road/AlW4a
"21A Jaunpur Crescent, Broadmeadows, Wellington",4/07/2007,$1.04M,$990K - $1.08M,https://www.homes.co.nz/address/wellington/broadmeadows/21a-jaunpur-crescent/7EDXv
"1/16 Orissa Crescent, Broadmeadows, Wellington",16/11/2019,$805K,$770K - $840K,https://www.homes.co.nz/address/wellington/broadmeadows/1-16-orissa-crescent/wx1Ra
"21 Orissa Crescent, Broadmeadows, Wellington",28/02/2020,$945K,$905K - $985K,https://www.homes.co.nz/address/wellington/broadmeadows/21-orissa-crescent/K0Z8B
"66 John Sims Drive, Broadmeadows, Wellington",1/01/1970,$975K,$930K - $1.02M,https://www.homes.co.nz/address/wellington/broadmeadows/66-john-sims-drive/VaAxb
"51 Nalanda Crescent, Broadmeadows, Wellington",14/11/2018,$1.08M,$1.04M - $1.13M,https://www.homes.co.nz/address/wellington/broadmeadows/51-nalanda-crescent/AEzjL
"32 Orissa Crescent, Broadmeadows, Wellington",1/01/1970,$1.26M,$1.2M - $1.31M,https://www.homes.co.nz/address/wellington/broadmeadows/32-orissa-crescent/K0gwW
"48 Jaunpur Crescent, Broadmeadows, Wellington",1/01/1970,$915K,$875K - $955K,https://www.homes.co.nz/address/wellington/broadmeadows/48-jaunpur-crescent/o0Lga
"41A Rajkot Terrace, Broadmeadows, Wellington",23/12/2014,$1.01M,$965K - $1.05M,https://www.homes.co.nz/address/wellington/broadmeadows/41a-rajkot-terrace/ybG9K
"99A Kanpur Road, Broadmeadows, Wellington",12/01/2011,$980K,$935K - $1.02M,https://www.homes.co.nz/address/wellington/broadmeadows/99a-kanpur-road/Y2Ryp
"18 Marjory Close, Broadmeadows, Wellington",13/09/2007,$1.13M,$1.08M - $1.18M,https://www.homes.co.nz/address/wellington/broadmeadows/18-marjory-close/nL5pM
"13 Kanpur Road, Broadmeadows, Wellington",24/11/2011,$1.17M,$1.12M - $1.22M,https://www.homes.co.nz/address/wellington/broadmeadows/13-kanpur-road/W4E07
"106 John Sims Drive, Broadmeadows, Wellington",1/01/1970,$450K,$410K - $485K,https://www.homes.co.nz/address/wellington/broadmeadows/106-john-sims-drive/wrgXr
"2/39 Kanpur Road, Broadmeadows, Wellington",21/04/2015,$875K,$835K - $910K,https://www.homes.co.nz/address/wellington/broadmeadows/2-39-kanpur-road/zOZw8
"26 Orissa Crescent, Broadmeadows, Wellington",3/06/2016,$1.13M,$1.08M - $1.18M,https://www.homes.co.nz/address/wellington/broadmeadows/26-orissa-crescent/ROQDZ
"5 Kanpur Road, Broadmeadows, Wellington",25/05/2001,$1.06M,$1.01M - $1.1M,https://www.homes.co.nz/address/wellington/broadmeadows/5-kanpur-road/jDZyG
"37 Jaunpur Crescent, Broadmeadows, Wellington",16/09/1997,$1.23M,$1.18M - $1.29M,https://www.homes.co.nz/address/wellington/broadmeadows/37-jaunpur-crescent/vyE9r
"6 Marjory Close, Broadmeadows, Wellington",10/04/2015,$1.04M,$995K - $1.09M,https://www.homes.co.nz/address/wellington/broadmeadows/6-marjory-close/15Ykw
"23 Kanpur Road, Broadmeadows, Wellington",2/03/2012,$1.14M,$1.09M - $1.19M,https://www.homes.co.nz/address/wellington/broadmeadows/23-kanpur-road/0rllZ
"39 Jaunpur Crescent, Broadmeadows, Wellington",26/07/2007,$1.13M,$1.08M - $1.18M,https://www.homes.co.nz/address/wellington/broadmeadows/39-jaunpur-crescent/wxj79
"10 Bharat Terrace, Broadmeadows, Wellington",4/02/2000,$1.66M,$1.59M - $1.74M,https://www.homes.co.nz/address/wellington/broadmeadows/10-bharat-terrace/pDp2V
"82 Kanpur Road, Broadmeadows, Wellington",26/05/2017,$715K,$650K - $775K,https://www.homes.co.nz/address/wellington/broadmeadows/82-kanpur-road/qkoGO
"19 Marjory Close, Broadmeadows, Wellington",1/01/1970,$1.14M,$1.09M - $1.19M,https://www.homes.co.nz/address/wellington/broadmeadows/19-marjory-close/JLoz2
"29 Nalanda Crescent, Broadmeadows, Wellington",16/11/2010,$1.08M,$1.03M - $1.12M,https://www.homes.co.nz/address/wellington/broadmeadows/29-nalanda-crescent/AlnaX
"12 Hindipur Terrace, Broadmeadows, Wellington",10/01/2018,$1.05M,$1.01M - $1.1M,https://www.homes.co.nz/address/wellington/broadmeadows/12-hindipur-terrace/kW8xl
"92 Kanpur Road, Broadmeadows, Wellington",11/06/2007,$990K,$945K - $1.03M,https://www.homes.co.nz/address/wellington/broadmeadows/92-kanpur-road/VaVy7
"7C Marjory Close, Broadmeadows, Wellington",22/11/2012,$1.02M,$980K - $1.07M,https://www.homes.co.nz/address/wellington/broadmeadows/7c-marjory-close/DLN90
"38 Orissa Crescent, Broadmeadows, Wellington",9/02/2021,$1.3M,$1.24M - $1.34M,https://www.homes.co.nz/address/wellington/broadmeadows/38-orissa-crescent/Kw7WD
"2 Bharat Terrace, Broadmeadows, Wellington",21/01/2000,$1.02M,$970K - $1.06M,https://www.homes.co.nz/address/wellington/broadmeadows/2-bharat-terrace/LD9Kk
"7 Nalanda Crescent, Broadmeadows, Wellington",15/02/2002,$1.08M,$1.04M - $1.13M,https://www.homes.co.nz/address/wellington/broadmeadows/7-nalanda-crescent/9YyKJ
"11 Nagpur Terrace, Broadmeadows, Wellington",27/10/2008,$1.12M,$1.07M - $1.17M,https://www.homes.co.nz/address/wellington/broadmeadows/11-nagpur-terrace/wxebr
"29 Orissa Crescent, Broadmeadows, Wellington",6/12/2018,$885K,$845K - $920K,https://www.homes.co.nz/address/wellington/broadmeadows/29-orissa-crescent/nL1ey
"26 John Sims Drive, Broadmeadows, Wellington",1/01/1970,$1.26M,$1.21M - $1.32M,https://www.homes.co.nz/address/wellington/broadmeadows/26-john-sims-drive/Rq5Qg
"24 Marjory Close, Broadmeadows, Wellington",20/10/1998,$1.12M,$1.07M - $1.17M,https://www.homes.co.nz/address/wellington/broadmeadows/24-marjory-close/0r5XB
"32 Marjory Close, Broadmeadows, Wellington",2/11/2010,$1.24M,$1.18M - $1.29M,https://www.homes.co.nz/address/wellington/broadmeadows/32-marjory-close/Zo7XN
"3 Nagpur Terrace, Broadmeadows, Wellington",30/01/2014,$1.32M,$1.26M - $1.37M,https://www.homes.co.nz/address/wellington/broadmeadows/3-nagpur-terrace/Y2g0w
"17 Orissa Crescent, Broadmeadows, Wellington",4/06/2020,$945K,$905K - $985K,https://www.homes.co.nz/address/wellington/broadmeadows/17-orissa-crescent/GkpKZ
"2 Sirsi Terrace, Broadmeadows, Wellington",19/09/2006,$1.22M,$1.17M - $1.27M,https://www.homes.co.nz/address/wellington/broadmeadows/2-sirsi-terrace/qkygx
"10 Marjory Close, Broadmeadows, Wellington",20/03/2018,$1.07M,$1.02M - $1.11M,https://www.homes.co.nz/address/wellington/broadmeadows/10-marjory-close/BlnWk
"3 Sanchi Way, Broadmeadows, Wellington",1/01/1970,$1.22M,$1.17M - $1.28M,https://www.homes.co.nz/address/wellington/broadmeadows/3-sanchi-way/JLeL1
"61 Nalanda Crescent, Broadmeadows, Wellington",22/01/2017,$890K,$855K - $930K,https://www.homes.co.nz/address/wellington/broadmeadows/61-nalanda-crescent/OgvRM
"7A Marjory Close, Broadmeadows, Wellington",15/08/2003,$1.16M,$1.11M - $1.21M,https://www.homes.co.nz/address/wellington/broadmeadows/7a-marjory-close/MkYaY
"55 Nalanda Crescent, Broadmeadows, Wellington",18/03/2020,$1.12M,$1.07M - $1.17M,https://www.homes.co.nz/address/wellington/broadmeadows/55-nalanda-crescent/Gkrzk
"95 Kanpur Road, Broadmeadows, Wellington",1/01/1970,$820K,$785K - $860K,https://www.homes.co.nz/address/wellington/broadmeadows/95-kanpur-road/ZoMgL
"47 Rajkot Terrace, Broadmeadows, Wellington",1/01/1970,$1.37M,$1.31M - $1.43M,https://www.homes.co.nz/address/wellington/broadmeadows/47-rajkot-terrace/0ro8j
"99 Burma Road, Broadmeadows, Wellington",20/06/2009,$1.15M,$1.1M - $1.2M,https://www.homes.co.nz/address/wellington/broadmeadows/99-burma-road/840kg
"43 Kanpur Road, Broadmeadows, Wellington",26/08/2019,$1.31M,$1.25M - $1.36M,https://www.homes.co.nz/address/wellington/broadmeadows/43-kanpur-road/yb1XV
"13 Rajkot Terrace, Broadmeadows, Wellington",18/03/2021,$1.34M,$1.29M - $1.37M,https://www.homes.co.nz/address/wellington/broadmeadows/13-rajkot-terrace/5EkvX
"16A Orissa Crescent, Broadmeadows, Wellington",15/07/2020,$745K,$715K - $780K,https://www.homes.co.nz/address/wellington/broadmeadows/16a-orissa-crescent/AlWDD
"38 Jaunpur Crescent, Broadmeadows, Wellington",28/02/2009,$1.17M,$1.12M - $1.22M,https://www.homes.co.nz/address/wellington/broadmeadows/38-jaunpur-crescent/Gk4k1
"55 Rajkot Terrace, Broadmeadows, Wellington",12/01/2004,$955K,$915K - $995K,https://www.homes.co.nz/address/wellington/broadmeadows/55-rajkot-terrace/ggeJ0
"19A Nalanda Crescent, Broadmeadows, Wellington",17/03/1997,$835K,$800K - $875K,https://www.homes.co.nz/address/wellington/broadmeadows/19a-nalanda-crescent/pD01Y
"4 Marjory Close, Broadmeadows, Wellington",5/10/1998,$1.05M,$1M - $1.09M,https://www.homes.co.nz/address/wellington/broadmeadows/4-marjory-close/74r5E
"93 Kanpur Road, Broadmeadows, Wellington",11/07/2019,$965K,$925K - $1.01M,https://www.homes.co.nz/address/wellington/broadmeadows/93-kanpur-road/E0Dwr
"1 Orissa Crescent, Broadmeadows, Wellington",17/12/2015,$1.19M,$1.13M - $1.24M,https://www.homes.co.nz/address/wellington/broadmeadows/1-orissa-crescent/NXjAW
"22 Orissa Crescent, Broadmeadows, Wellington",1/01/1970,$1.15M,$1.1M - $1.2M,https://www.homes.co.nz/address/wellington/broadmeadows/22-orissa-crescent/ZoGvL
"89 Burma Road, Broadmeadows, Wellington",19/10/2020,$1.08M,$1.04M - $1.13M,https://www.homes.co.nz/address/wellington/broadmeadows/89-burma-road/5EAKX
"42 Jaunpur Crescent, Broadmeadows, Wellington",25/06/1997,$1.18M,$1.13M - $1.23M,https://www.homes.co.nz/address/wellington/broadmeadows/42-jaunpur-crescent/4EMLa
"13 Nalanda Crescent, Broadmeadows, Wellington",21/06/2007,$940K,$900K - $980K,https://www.homes.co.nz/address/wellington/broadmeadows/13-nalanda-crescent/Gk158
"27 Nalanda Crescent, Broadmeadows, Wellington",28/02/2011,$945K,$900K - $985K,https://www.homes.co.nz/address/wellington/broadmeadows/27-nalanda-crescent/bLRpR
"5 Sanchi Way, Broadmeadows, Wellington",20/12/2019,$1.03M,$990K - $1.08M,https://www.homes.co.nz/address/wellington/broadmeadows/5-sanchi-way/NXQg9
"41 Rajkot Terrace, Broadmeadows, Wellington",17/06/2018,$1M,$960K - $1.05M,https://www.homes.co.nz/address/wellington/broadmeadows/41-rajkot-terrace/K0NgL
"24 John Sims Drive, Broadmeadows, Wellington",18/08/2020,$930K,$890K - $975K,https://www.homes.co.nz/address/wellington/broadmeadows/24-john-sims-drive/0rQ4G
"105B Kanpur Road, Broadmeadows, Wellington",2/05/1997,$870K,$830K - $910K,https://www.homes.co.nz/address/wellington/broadmeadows/105b-kanpur-road/alJJQ
"36 Jaunpur Crescent, Broadmeadows, Wellington",29/06/2016,$1.2M,$1.15M - $1.26M,https://www.homes.co.nz/address/wellington/broadmeadows/36-jaunpur-crescent/K0ZjD
"93A Burma Road, Broadmeadows, Wellington",26/10/2012,$1.03M,$985K - $1.07M,https://www.homes.co.nz/address/wellington/broadmeadows/93a-burma-road/ZonAP
"7 Hindipur Terrace, Broadmeadows, Wellington",6/01/2015,$1.17M,$1.12M - $1.22M,https://www.homes.co.nz/address/wellington/broadmeadows/7-hindipur-terrace/kkZoA
"53 Rajkot Terrace, Broadmeadows, Wellington",5/06/2012,$1.21M,$1.16M - $1.27M,https://www.homes.co.nz/address/wellington/broadmeadows/53-rajkot-terrace/PYlgk
"15 Nagpur Terrace, Broadmeadows, Wellington",6/06/2018,$1.19M,$1.14M - $1.24M,https://www.homes.co.nz/address/wellington/broadmeadows/15-nagpur-terrace/K0yLn
"93 Burma Road, Broadmeadows, Wellington",1/01/1970,$1.03M,$985K - $1.08M,https://www.homes.co.nz/address/wellington/broadmeadows/93-burma-road/aloQL
"87 Burma Road, Broadmeadows, Wellington",1/01/1970,$1.19M,$1.14M - $1.24M,https://www.homes.co.nz/address/wellington/broadmeadows/87-burma-road/lXnjw
"109A Kanpur Road, Broadmeadows, Wellington",8/03/2015,$810K,$775K - $850K,https://www.homes.co.nz/address/wellington/broadmeadows/109a-kanpur-road/Kw7En
"31 Jaunpur Crescent, Broadmeadows, Wellington",18/03/2016,$1.04M,$990K - $1.08M,https://www.homes.co.nz/address/wellington/broadmeadows/31-jaunpur-crescent/zOWBO
"15A Marjory Close, Broadmeadows, Wellington",24/01/2014,$970K,$925K - $1.01M,https://www.homes.co.nz/address/wellington/broadmeadows/15a-marjory-close/jDVgG
"1 Sita Way, Broadmeadows, Wellington",21/01/1997,$690K,$660K - $720K,https://www.homes.co.nz/address/wellington/broadmeadows/1-sita-way/0rRyB
"11 Hindipur Terrace, Broadmeadows, Wellington",1/11/2019,$1.08M,$1.03M - $1.13M,https://www.homes.co.nz/address/wellington/broadmeadows/11-hindipur-terrace/AlPDK
"13 Sita Way, Broadmeadows, Wellington",5/12/2010,$1.01M,$960K - $1.05M,https://www.homes.co.nz/address/wellington/broadmeadows/13-sita-way/BlxLO
"97 Burma Road, Broadmeadows, Wellington",1/01/1970,$1.67M,$1.6M - $1.75M,https://www.homes.co.nz/address/wellington/broadmeadows/97-burma-road/JLG5v
"56 John Sims Drive, Broadmeadows, Wellington",29/05/2018,$1.11M,$1.06M - $1.16M,https://www.homes.co.nz/address/wellington/broadmeadows/56-john-sims-drive/kkV8A
"1A Sanchi Way, Broadmeadows, Wellington",1/01/1970,$315K,$290K - $345K,https://www.homes.co.nz/address/wellington/broadmeadows/1a-sanchi-way/AlMRG
"102 Kanpur Road, Broadmeadows, Wellington",24/03/2017,$920K,$880K - $960K,https://www.homes.co.nz/address/wellington/broadmeadows/102-kanpur-road/ekywW
"25 Jaunpur Crescent, Broadmeadows, Wellington",1/01/1970,$1.03M,$985K - $1.07M,https://www.homes.co.nz/address/wellington/broadmeadows/25-jaunpur-crescent/AlRYy
"12 Nagpur Terrace, Broadmeadows, Wellington",22/07/2008,$1.43M,$1.36M - $1.49M,https://www.homes.co.nz/address/wellington/broadmeadows/12-nagpur-terrace/Y2n55
"13 Nagpur Terrace, Broadmeadows, Wellington",11/12/2019,$1.18M,$1.13M - $1.23M,https://www.homes.co.nz/address/wellington/broadmeadows/13-nagpur-terrace/DLAar
"31 Orissa Crescent, Broadmeadows, Wellington",10/10/2018,$925K,$885K - $965K,https://www.homes.co.nz/address/wellington/broadmeadows/31-orissa-crescent/QRJ75
"90 Kanpur Road, Broadmeadows, Wellington",27/07/2000,$895K,$855K - $935K,https://www.homes.co.nz/address/wellington/broadmeadows/90-kanpur-road/BlM15
"43A Jaunpur Crescent, Broadmeadows, Wellington",1/01/1970,$890K,$850K - $930K,https://www.homes.co.nz/address/wellington/broadmeadows/43a-jaunpur-crescent/E0AOQ
"82A Kanpur Road, Broadmeadows, Wellington",14/10/2016,$965K,$925K - $1.01M,https://www.homes.co.nz/address/wellington/broadmeadows/82a-kanpur-road/o09x5
"11A Hindipur Terrace, Broadmeadows, Wellington",17/03/2008,$1.17M,$1.12M - $1.22M,https://www.homes.co.nz/address/wellington/broadmeadows/11a-hindipur-terrace/4EXOg
"11B Hindipur Terrace, Broadmeadows, Wellington",13/03/2013,$1.16M,$1.11M - $1.21M,https://www.homes.co.nz/address/wellington/broadmeadows/11b-hindipur-terrace/lXg1e
"25A Orissa Crescent, Broadmeadows, Wellington",1/01/1970,$790K,$755K - $825K,https://www.homes.co.nz/address/wellington/broadmeadows/25a-orissa-crescent/Y2MZp
"105A Kanpur Road, Broadmeadows, Wellington",16/11/2016,$815K,$780K - $850K,https://www.homes.co.nz/address/wellington/broadmeadows/105a-kanpur-road/PaxNw
"94 Kanpur Road, Broadmeadows, Wellington",1/01/1970,$1.06M,$1.01M - $1.11M,https://www.homes.co.nz/address/wellington/broadmeadows/94-kanpur-road/4EgMg
"34 Orissa Crescent, Broadmeadows, Wellington",23/03/2016,$1.39M,$1.33M - $1.45M,https://www.homes.co.nz/address/wellington/broadmeadows/34-orissa-crescent/Gknyr
"107 Kanpur Road, Broadmeadows, Wellington",27/09/2006,$865K,$825K - $900K,https://www.homes.co.nz/address/wellington/broadmeadows/107-kanpur-road/o0KMa
"35 Orissa Crescent, Broadmeadows, Wellington",8/12/2014,$1.45M,$1.39M - $1.52M,https://www.homes.co.nz/address/wellington/broadmeadows/35-orissa-crescent/Y2Xg7
"41 Kanpur Road, Broadmeadows, Wellington",30/11/2004,$1.3M,$1.25M - $1.36M,https://www.homes.co.nz/address/wellington/broadmeadows/41-kanpur-road/7E0vv
"5 Sirsi Terrace, Broadmeadows, Wellington",6/11/2000,$1.12M,$1.07M - $1.17M,https://www.homes.co.nz/address/wellington/broadmeadows/5-sirsi-terrace/o07Ab
"8 Nagpur Terrace, Broadmeadows, Wellington",1/01/1970,$1.17M,$1.12M - $1.22M,https://www.homes.co.nz/address/wellington/broadmeadows/8-nagpur-terrace/OgoDN
"104 Kanpur Road, Broadmeadows, Wellington",1/12/2010,$860K,$820K - $895K,https://www.homes.co.nz/address/wellington/broadmeadows/104-kanpur-road/K0QoL
"11 Jaunpur Crescent, Broadmeadows, Wellington",21/02/2008,$895K,$855K - $935K,https://www.homes.co.nz/address/wellington/broadmeadows/11-jaunpur-crescent/VaM0b
"111 Kanpur Road, Broadmeadows, Wellington",1/01/1970,$1.09M,$1.04M - $1.14M,https://www.homes.co.nz/address/wellington/broadmeadows/111-kanpur-road/4EBv8
"1 Hindipur Terrace, Broadmeadows, Wellington",21/03/2018,$805K,$770K - $840K,https://www.homes.co.nz/address/wellington/broadmeadows/1-hindipur-terrace/DGqjv
"2 Sanchi Way, Broadmeadows, Wellington",12/07/2018,$1.16M,$1.11M - $1.21M,https://www.homes.co.nz/address/wellington/broadmeadows/2-sanchi-way/ekQ0J
"80 Kanpur Road, Broadmeadows, Wellington",12/12/2019,$1.09M,$1.04M - $1.14M,https://www.homes.co.nz/address/wellington/broadmeadows/80-kanpur-road/PavNG
"95 Burma Road, Broadmeadows, Wellington",22/06/2016,$1.26M,$1.2M - $1.31M,https://www.homes.co.nz/address/wellington/broadmeadows/95-burma-road/DLvYD
"22B John Sims Drive, Broadmeadows, Wellington",31/01/2019,$910K,$870K - $950K,https://www.homes.co.nz/address/wellington/broadmeadows/22b-john-sims-drive/ROA1Y
"49 Nalanda Crescent, Broadmeadows, Wellington",14/05/2020,$1M,$955K - $1.04M,https://www.homes.co.nz/address/wellington/broadmeadows/49-nalanda-crescent/JLKav
"8 Sirsi Terrace, Broadmeadows, Wellington",10/12/2020,$1.37M,$1.31M - $1.43M,https://www.homes.co.nz/address/wellington/broadmeadows/8-sirsi-terrace/K0Z0L
"17 Kanpur Road, Broadmeadows, Wellington",1/01/1970,$1.2M,$1.15M - $1.25M,https://www.homes.co.nz/address/wellington/broadmeadows/17-kanpur-road/4EkjE
"9 Rajkot Terrace, Broadmeadows, Wellington",22/01/2004,$1.04M,$1M - $1.09M,https://www.homes.co.nz/address/wellington/broadmeadows/9-rajkot-terrace/JLRqa
"36 Orissa Crescent, Broadmeadows, Wellington",11/05/2011,$1.31M,$1.25M - $1.37M,https://www.homes.co.nz/address/wellington/broadmeadows/36-orissa-crescent/wxyn9
"12 Kanpur Road, Broadmeadows, Wellington",10/07/2018,$1.13M,$1.08M - $1.18M,https://www.homes.co.nz/address/wellington/broadmeadows/12-kanpur-road/ROPwZ
"8 Kanpur Road, Broadmeadows, Wellington",22/08/2012,$1.16M,$1.11M - $1.21M,https://www.homes.co.nz/address/wellington/broadmeadows/8-kanpur-road/gg0aK
"17A Nagpur Terrace, Broadmeadows, Wellington",2/09/2009,$845K,$810K - $880K,https://www.homes.co.nz/address/wellington/broadmeadows/17a-nagpur-terrace/vyjPr
"20 Orissa Crescent, Broadmeadows, Wellington",1/01/1970,$1.28M,$1.23M - $1.34M,https://www.homes.co.nz/address/wellington/broadmeadows/20-orissa-crescent/ROAnP
"5 Rajkot Terrace, Broadmeadows, Wellington",19/07/2012,$1.18M,$1.13M - $1.23M,https://www.homes.co.nz/address/wellington/broadmeadows/5-rajkot-terrace/4EJRL
"9 Hindipur Terrace, Broadmeadows, Wellington",16/05/2002,$1.18M,$1.13M - $1.24M,https://www.homes.co.nz/address/wellington/broadmeadows/9-hindipur-terrace/bLQXR
"1 Kanpur Road, Broadmeadows, Wellington",19/11/2020,$1.21M,$1.16M - $1.26M,https://www.homes.co.nz/address/wellington/broadmeadows/1-kanpur-road/pyjzY
"57 Nalanda Crescent, Broadmeadows, Wellington",1/01/1970,$1.02M,$980K - $1.07M,https://www.homes.co.nz/address/wellington/broadmeadows/57-nalanda-crescent/ggqx9
"96 Kanpur Road, Broadmeadows, Wellington",12/12/2012,$1.02M,$980K - $1.07M,https://www.homes.co.nz/address/wellington/broadmeadows/96-kanpur-road/o0Eoa
"83 Burma Road, Broadmeadows, Wellington",21/04/2008,$1.03M,$985K - $1.07M,https://www.homes.co.nz/address/wellington/broadmeadows/83-burma-road/ekWRx
"11 Rajkot Terrace, Broadmeadows, Wellington",1/01/1970,$1.09M,$1.04M - $1.14M,https://www.homes.co.nz/address/wellington/broadmeadows/11-rajkot-terrace/alwQe
"25 Rajkot Terrace, Broadmeadows, Wellington",1/01/1970,$1.02M,$980K - $1.07M,https://www.homes.co.nz/address/wellington/broadmeadows/25-rajkot-terrace/QRrOY
"4A Orissa Crescent, Broadmeadows, Wellington",4/05/2016,$800K,$765K - $835K,https://www.homes.co.nz/address/wellington/broadmeadows/4a-orissa-crescent/kkQgp
"22A John Sims Drive, Broadmeadows, Wellington",1/04/2015,$910K,$870K - $950K,https://www.homes.co.nz/address/wellington/broadmeadows/22a-john-sims-drive/841lr
"35 Jaunpur Crescent, Broadmeadows, Wellington",16/03/1999,$890K,$850K - $930K,https://www.homes.co.nz/address/wellington/broadmeadows/35-jaunpur-crescent/QRPQA
"59 Nalanda Crescent, Broadmeadows, Wellington",30/05/2006,$1.09M,$1.04M - $1.14M,https://www.homes.co.nz/address/wellington/broadmeadows/59-nalanda-crescent/K0LRB
"47A Kanpur Road, Broadmeadows, Wellington",8/08/2014,$990K,$945K - $1.03M,https://www.homes.co.nz/address/wellington/broadmeadows/47a-kanpur-road/Zo40v
"5 Hindipur Terrace, Broadmeadows, Wellington",24/11/2008,$885K,$850K - $925K,https://www.homes.co.nz/address/wellington/broadmeadows/5-hindipur-terrace/ZopK9
"12 Orissa Crescent, Broadmeadows, Wellington",7/11/2000,$1.22M,$1.17M - $1.28M,https://www.homes.co.nz/address/wellington/broadmeadows/12-orissa-crescent/bL1Ak
"7 Rajkot Terrace, Broadmeadows, Wellington",19/06/2001,$1.05M,$1.01M - $1.1M,https://www.homes.co.nz/address/wellington/broadmeadows/7-rajkot-terrace/lXGge
"8A Hindipur Terrace, Broadmeadows, Wellington",16/07/2001,$905K,$865K - $945K,https://www.homes.co.nz/address/wellington/broadmeadows/8a-hindipur-terrace/kk7wl
"72 John Sims Drive, Broadmeadows, Wellington",1/01/1970,$1.34M,$1.28M - $1.4M,https://www.homes.co.nz/address/wellington/broadmeadows/72-john-sims-drive/Vaw5o
"32 Kanpur Road, Broadmeadows, Wellington",1/01/1970,$1.17M,$1.12M - $1.22M,https://www.homes.co.nz/address/wellington/broadmeadows/32-kanpur-road/BleQ5
"41 Orissa Crescent, Broadmeadows, Wellington",26/11/1998,$1.67M,$1.6M - $1.74M,https://www.homes.co.nz/address/wellington/broadmeadows/41-orissa-crescent/NXkMg
"15 Marjory Close, Broadmeadows, Wellington",25/05/2017,$1.07M,$1.02M - $1.12M,https://www.homes.co.nz/address/wellington/broadmeadows/15-marjory-close/NX20n
"1/11 Marjory Close, Broadmeadows, Wellington",3/11/2017,$785K,$750K - $820K,https://www.homes.co.nz/address/wellington/broadmeadows/1-11-marjory-close/pDpV2
"7F Marjory Close, Broadmeadows, Wellington",9/12/2020,$1.08M,$1.04M - $1.13M,https://www.homes.co.nz/address/wellington/broadmeadows/7f-marjory-close/5EQY4
"6A Jaunpur Crescent, Broadmeadows, Wellington",6/04/2016,$1.06M,$1.01M - $1.1M,https://www.homes.co.nz/address/wellington/broadmeadows/6a-jaunpur-crescent/W4q7L
"50 John Sims Drive, Broadmeadows, Wellington",11/10/2012,$1.13M,$1.08M - $1.18M,https://www.homes.co.nz/address/wellington/broadmeadows/50-john-sims-drive/MkOx5
"51A Rajkot Terrace, Broadmeadows, Wellington",25/03/2016,$790K,$755K - $825K,https://www.homes.co.nz/address/wellington/broadmeadows/51a-rajkot-terrace/bLKe2
"45 Rajkot Terrace, Broadmeadows, Wellington",6/10/2006,$1.21M,$1.16M - $1.26M,https://www.homes.co.nz/address/wellington/broadmeadows/45-rajkot-terrace/X4qej
"25A Jaunpur Crescent, Broadmeadows, Wellington",15/01/2018,$995K,$950K - $1.04M,https://www.homes.co.nz/address/wellington/broadmeadows/25a-jaunpur-crescent/W4XXy
"81 Burma Road, Broadmeadows, Wellington",21/04/2008,$940K,$900K - $980K,https://www.homes.co.nz/address/wellington/broadmeadows/81-burma-road/BlGl8
"4 Bharat Terrace, Broadmeadows, Wellington",20/12/2019,$1.41M,$1.35M - $1.47M,https://www.homes.co.nz/address/wellington/broadmeadows/4-bharat-terrace/zO1aR
"77 Burma Road, Broadmeadows, Wellington",10/09/2010,$1.96M,$1.87M - $2.04M,https://www.homes.co.nz/address/wellington/broadmeadows/77-burma-road/Y2Ewy
"44A Jaunpur Crescent, Broadmeadows, Wellington",1/01/1970,$290K,$265K - $315K,https://www.homes.co.nz/address/wellington/broadmeadows/44a-jaunpur-crescent/W4nB1
"41 Jaunpur Crescent, Broadmeadows, Wellington",1/10/2015,$1.1M,$1.05M - $1.15M,https://www.homes.co.nz/address/wellington/broadmeadows/41-jaunpur-crescent/Mkw1e
"19 Kanpur Road, Broadmeadows, Wellington",1/01/1970,$890K,$855K - $930K,https://www.homes.co.nz/address/wellington/broadmeadows/19-kanpur-road/kkKjn
"9B Orissa Crescent, Broadmeadows, Wellington",11/11/2011,$805K,$770K - $840K,https://www.homes.co.nz/address/wellington/broadmeadows/9b-orissa-crescent/zOeVJ
"1/24 Kanpur Road, Broadmeadows, Wellington",24/11/2005,$905K,$865K - $945K,https://www.homes.co.nz/address/wellington/broadmeadows/1-24-kanpur-road/XwKDB
"29 Kanpur Road, Broadmeadows, Wellington",1/01/1970,$1.08M,$1.04M - $1.13M,https://www.homes.co.nz/address/wellington/broadmeadows/29-kanpur-road/PawQk
"47 Kanpur Road, Broadmeadows, Wellington",29/10/2020,$1.08M,$1.04M - $1.13M,https://www.homes.co.nz/address/wellington/broadmeadows/47-kanpur-road/Pa57n
"15C Marjory Close, Broadmeadows, Wellington",12/02/2019,$935K,$895K - $975K,https://www.homes.co.nz/address/wellington/broadmeadows/15c-marjory-close/x4Q4P
"63A Nalanda Crescent, Broadmeadows, Wellington",1/01/1970,$805K,$770K - $840K,https://www.homes.co.nz/address/wellington/broadmeadows/63a-nalanda-crescent/DGE8r
"16 Nagpur Terrace, Broadmeadows, Wellington",1/01/1970,$1.01M,$965K - $1.05M,https://www.homes.co.nz/address/wellington/broadmeadows/16-nagpur-terrace/7E7oN
"3 Kanpur Road, Broadmeadows, Wellington",1/01/1970,$1.49M,$1.42M - $1.55M,https://www.homes.co.nz/address/wellington/broadmeadows/3-kanpur-road/jDzYj
"13 Hindipur Terrace, Broadmeadows, Wellington",6/01/2001,$1.26M,$1.21M - $1.32M,https://www.homes.co.nz/address/wellington/broadmeadows/13-hindipur-terrace/x4K8z
"14 Nagpur Terrace, Broadmeadows, Wellington",16/02/2010,$1.25M,$1.19M - $1.3M,https://www.homes.co.nz/address/wellington/broadmeadows/14-nagpur-terrace/nL5kl
"37 Kanpur Road, Broadmeadows, Wellington",1/06/2013,$1.42M,$1.36M - $1.49M,https://www.homes.co.nz/address/wellington/broadmeadows/37-kanpur-road/zO9yE
"17B Nagpur Terrace, Broadmeadows, Wellington",31/10/2017,$845K,$810K - $880K,https://www.homes.co.nz/address/wellington/broadmeadows/17b-nagpur-terrace/K0G0D
"32 Jaunpur Crescent, Broadmeadows, Wellington",13/02/2010,$995K,$950K - $1.04M,https://www.homes.co.nz/address/wellington/broadmeadows/32-jaunpur-crescent/E0RBM
"8 Bharat Terrace, Broadmeadows, Wellington",1/01/1970,$1.25M,$1.2M - $1.31M,https://www.homes.co.nz/address/wellington/broadmeadows/8-bharat-terrace/5E5LM
"49 Rajkot Terrace, Broadmeadows, Wellington",12/11/2009,$1.1M,$1.05M - $1.15M,https://www.homes.co.nz/address/wellington/broadmeadows/49-rajkot-terrace/nLj4W
"21 Kanpur Road, Broadmeadows, Wellington",1/01/1970,$1M,$955K - $1.04M,https://www.homes.co.nz/address/wellington/broadmeadows/21-kanpur-road/o0LxQ
"28 Kanpur Road, Broadmeadows, Wellington",5/02/2007,$1.09M,$1.05M - $1.14M,https://www.homes.co.nz/address/wellington/broadmeadows/28-kanpur-road/Y2Q8p
"19 Orissa Crescent, Broadmeadows, Wellington",1/01/1970,$825K,$790K - $860K,https://www.homes.co.nz/address/wellington/broadmeadows/19-orissa-crescent/74BXD
"57B Rajkot Terrace, Broadmeadows, Wellington",24/05/2021,$1.08M,$1.05M - $1.09M,https://www.homes.co.nz/address/wellington/broadmeadows/57b-rajkot-terrace/jDLYe
"34 Jaunpur Crescent, Broadmeadows, Wellington",17/03/2010,$1.09M,$1.04M - $1.13M,https://www.homes.co.nz/address/wellington/broadmeadows/34-jaunpur-crescent/JLEe2
"14A Kanpur Road, Broadmeadows, Wellington",22/08/2020,$905K,$865K - $945K,https://www.homes.co.nz/address/wellington/broadmeadows/14a-kanpur-road/LD95J
"6A Orissa Crescent, Broadmeadows, Wellington",18/01/2016,$770K,$740K - $805K,https://www.homes.co.nz/address/wellington/broadmeadows/6a-orissa-crescent/lXkwE
"6 Jaunpur Crescent, Broadmeadows, Wellington",13/05/2020,$875K,$840K - $915K,https://www.homes.co.nz/address/wellington/broadmeadows/6-jaunpur-crescent/PaXZ0
"7 Bharat Terrace, Broadmeadows, Wellington",8/10/2019,$1.55M,$1.49M - $1.62M,https://www.homes.co.nz/address/wellington/broadmeadows/7-bharat-terrace/alMln
"91 Kanpur Road, Broadmeadows, Wellington",18/04/2010,$1.02M,$970K - $1.06M,https://www.homes.co.nz/address/wellington/broadmeadows/91-kanpur-road/Og1AM
"7 Kanpur Road, Broadmeadows, Wellington",1/01/1970,$1.13M,$1.08M - $1.17M,https://www.homes.co.nz/address/wellington/broadmeadows/7-kanpur-road/W4bY7
"23 Jaunpur Crescent, Broadmeadows, Wellington",20/01/2016,$1M,$960K - $1.05M,https://www.homes.co.nz/address/wellington/broadmeadows/23-jaunpur-crescent/7EwQM
"5 Nalanda Crescent, Broadmeadows, Wellington",3/02/1997,$1.23M,$1.17M - $1.28M,https://www.homes.co.nz/address/wellington/broadmeadows/5-nalanda-crescent/PaZLL
"34 Kanpur Road, Broadmeadows, Wellington",23/04/2008,$1.13M,$1.09M - $1.18M,https://www.homes.co.nz/address/wellington/broadmeadows/34-kanpur-road/ROvPg
"70 John Sims Drive, Broadmeadows, Wellington",30/01/2009,$1.19M,$1.14M - $1.24M,https://www.homes.co.nz/address/wellington/broadmeadows/70-john-sims-drive/X4weY
"51B Rajkot Terrace, Broadmeadows, Wellington",26/04/2018,$840K,$805K - $880K,https://www.homes.co.nz/address/wellington/broadmeadows/51b-rajkot-terrace/pDMWa
"26A John Sims Drive, Broadmeadows, Wellington",24/03/2016,$1.15M,$1.1M - $1.2M,https://www.homes.co.nz/address/wellington/broadmeadows/26a-john-sims-drive/DLOxn
"35 Nalanda Crescent, Broadmeadows, Wellington",20/07/2007,$1.15M,$1.1M - $1.2M,https://www.homes.co.nz/address/wellington/broadmeadows/35-nalanda-crescent/MkKO4
"25B Jaunpur Crescent, Broadmeadows, Wellington",15/01/2009,$895K,$855K - $935K,https://www.homes.co.nz/address/wellington/broadmeadows/25b-jaunpur-crescent/E0Ovw
"10 Orissa Crescent, Broadmeadows, Wellington",20/10/1999,$950K,$910K - $995K,https://www.homes.co.nz/address/wellington/broadmeadows/10-orissa-crescent/al15L
"43 Rajkot Terrace, Broadmeadows, Wellington",24/06/1997,$1.06M,$1.01M - $1.1M,https://www.homes.co.nz/address/wellington/broadmeadows/43-rajkot-terrace/JLjR1
"2/11 Marjory Close, Broadmeadows, Wellington",11/11/2014,$785K,$750K - $820K,https://www.homes.co.nz/address/wellington/broadmeadows/2-11-marjory-close/4E9aa
"24C John Sims Drive, Broadmeadows, Wellington",12/04/2017,$900K,$860K - $940K,https://www.homes.co.nz/address/wellington/broadmeadows/24c-john-sims-drive/0r1Qn
"3/27 Kanpur Road, Broadmeadows, Wellington",13/11/2019,$965K,$925K - $1.01M,https://www.homes.co.nz/address/wellington/broadmeadows/3-27-kanpur-road/GkvZv
"31 Kanpur Road, Broadmeadows, Wellington",12/05/2004,$1.17M,$1.12M - $1.22M,https://www.homes.co.nz/address/wellington/broadmeadows/31-kanpur-road/lXbbb
"21 Nalanda Crescent, Broadmeadows, Wellington",10/08/2005,$1.12M,$1.07M - $1.17M,https://www.homes.co.nz/address/wellington/broadmeadows/21-nalanda-crescent/ggBQV
"40 Orissa Crescent, Broadmeadows, Wellington",1/01/1970,$1.22M,$1.17M - $1.27M,https://www.homes.co.nz/address/wellington/broadmeadows/40-orissa-crescent/pDRZQ
"16B Nagpur Terrace, Broadmeadows, Wellington",22/06/2017,$715K,$685K - $745K,https://www.homes.co.nz/address/wellington/broadmeadows/16b-nagpur-terrace/OgOLY
"5 Sita Way, Broadmeadows, Wellington",1/01/1970,$1.13M,$1.08M - $1.18M,https://www.homes.co.nz/address/wellington/broadmeadows/5-sita-way/4Eo1g
"4 Sirsi Terrace, Broadmeadows, Wellington",29/05/2006,$980K,$940K - $1.02M,https://www.homes.co.nz/address/wellington/broadmeadows/4-sirsi-terrace/W4wgW
"33 Kanpur Road, Broadmeadows, Wellington",26/01/2008,$1.16M,$1.11M - $1.22M,https://www.homes.co.nz/address/wellington/broadmeadows/33-kanpur-road/OgJWM
"2/16 Orissa Crescent, Broadmeadows, Wellington",16/09/2016,$780K,$750K - $815K,https://www.homes.co.nz/address/wellington/broadmeadows/2-16-orissa-crescent/pD0kQ
"47 Nalanda Crescent, Broadmeadows, Wellington",1/01/1970,$1.45M,$1.39M - $1.52M,https://www.homes.co.nz/address/wellington/broadmeadows/47-nalanda-crescent/15wgW
"49 Jaunpur Crescent, Broadmeadows, Wellington",15/05/2017,$980K,$940K - $1.02M,https://www.homes.co.nz/address/wellington/broadmeadows/49-jaunpur-crescent/pDwQ2
"8 Marjory Close, Broadmeadows, Wellington",24/10/2019,$1.08M,$1.03M - $1.13M,https://www.homes.co.nz/address/wellington/broadmeadows/8-marjory-close/bLnKa
"4B Orissa Crescent, Broadmeadows, Wellington",11/03/2021,$820K,$790K - $845K,https://www.homes.co.nz/address/wellington/broadmeadows/4b-orissa-crescent/vygbG
"3 Sita Way, Broadmeadows, Wellington City",1/07/2021,$695K,$665K - $725K,https://www.homes.co.nz/address/wellington/broadmeadows/3-sita-way/kk28w
"5 Bharat Terrace, Broadmeadows, Wellington",11/03/2013,$1.09M,$1.04M - $1.13M,https://www.homes.co.nz/address/wellington/broadmeadows/5-bharat-terrace/x4qMZ
"7D Marjory Close, Broadmeadows, Wellington",18/09/2019,$980K,$940K - $1.02M,https://www.homes.co.nz/address/wellington/broadmeadows/7d-marjory-close/alboa
"28 John Sims Drive, Broadmeadows, Wellington",1/01/1970,$1.19M,$1.13M - $1.24M,https://www.homes.co.nz/address/wellington/broadmeadows/28-john-sims-drive/ybYlz
"25 Nalanda Crescent, Broadmeadows, Wellington",25/06/2020,$1.06M,$1.01M - $1.1M,https://www.homes.co.nz/address/wellington/broadmeadows/25-nalanda-crescent/OgMbe
"30 Kanpur Road, Broadmeadows, Wellington",1/01/1970,$1.08M,$1.03M - $1.12M,https://www.homes.co.nz/address/wellington/broadmeadows/30-kanpur-road/kk29O
"7 Sirsi Terrace, Broadmeadows, Wellington",1/01/1970,$1.21M,$1.16M - $1.26M,https://www.homes.co.nz/address/wellington/broadmeadows/7-sirsi-terrace/bLWra
"17 Rajkot Terrace, Broadmeadows, Wellington",1/01/1970,$1.21M,$1.16M - $1.27M,https://www.homes.co.nz/address/wellington/broadmeadows/17-rajkot-terrace/DL2DD
"109 Kanpur Road, Broadmeadows, Wellington",14/02/2019,$825K,$790K - $860K,https://www.homes.co.nz/address/wellington/broadmeadows/109-kanpur-road/9YQ0K
"39 Nalanda Crescent, Broadmeadows, Wellington",18/06/2013,$1.34M,$1.29M - $1.4M,https://www.homes.co.nz/address/wellington/broadmeadows/39-nalanda-crescent/OgKDN
"10 Kanpur Road, Broadmeadows, Wellington",1/01/1970,$885K,$845K - $920K,https://www.homes.co.nz/address/wellington/broadmeadows/10-kanpur-road/wxDRZ
"11 Kanpur Road, Broadmeadows, Wellington",31/10/2018,$690K,$660K - $720K,https://www.homes.co.nz/address/wellington/broadmeadows/11-kanpur-road/7ELMq
"36 Kanpur Road, Broadmeadows, Wellington",14/12/2004,$1.08M,$1.03M - $1.12M,https://www.homes.co.nz/address/wellington/broadmeadows/36-kanpur-road/K0Jpq
"8 Jaunpur Crescent, Broadmeadows, Wellington",9/08/2013,$945K,$905K - $985K,https://www.homes.co.nz/address/wellington/broadmeadows/8-jaunpur-crescent/o0xjb
"11 Nalanda Crescent, Broadmeadows, Wellington",23/04/2016,$900K,$860K - $940K,https://www.homes.co.nz/address/wellington/broadmeadows/11-nalanda-crescent/7EvBv
"6 Hindipur Terrace, Broadmeadows, Wellington",26/06/2019,$880K,$845K - $920K,https://www.homes.co.nz/address/wellington/broadmeadows/6-hindipur-terrace/W4L2n
"88 Kanpur Road, Broadmeadows, Wellington",14/10/1999,$955K,$910K - $995K,https://www.homes.co.nz/address/wellington/broadmeadows/88-kanpur-road/AlWjy
"9 Kanpur Road, Broadmeadows, Wellington",30/03/2007,$1.04M,$995K - $1.08M,https://www.homes.co.nz/address/wellington/broadmeadows/9-kanpur-road/E0OyG
"2/27 Kanpur Road, Broadmeadows, Wellington",13/03/2012,$900K,$860K - $940K,https://www.homes.co.nz/address/wellington/broadmeadows/2-27-kanpur-road/2Enxe
"43 Jaunpur Crescent, Broadmeadows, Wellington",19/05/1998,$955K,$915K - $1M,https://www.homes.co.nz/address/wellington/broadmeadows/43-jaunpur-crescent/LD2l0
"3 Sirsi Terrace, Broadmeadows, Wellington",24/09/2004,$1.54M,$1.47M - $1.6M,https://www.homes.co.nz/address/wellington/broadmeadows/3-sirsi-terrace/7Eoaq
"103 Kanpur Road, Broadmeadows, Wellington",27/02/2007,$955K,$915K - $1M,https://www.homes.co.nz/address/wellington/broadmeadows/103-kanpur-road/vOw5l
"9 Bharat Terrace, Broadmeadows, Wellington",1/01/1970,$1.21M,$1.16M - $1.27M,https://www.homes.co.nz/address/wellington/broadmeadows/9-bharat-terrace/lXMno
"7E Marjory Close, Broadmeadows, Wellington",14/02/2019,$1.1M,$1.05M - $1.15M,https://www.homes.co.nz/address/wellington/broadmeadows/7e-marjory-close/DLvev
"51 Orissa Crescent, Broadmeadows, Wellington",6/11/2019,$1.28M,$1.22M - $1.33M,https://www.homes.co.nz/address/wellington/broadmeadows/51-orissa-crescent/848jg
"9A Orissa Crescent, Broadmeadows, Wellington",1/01/1970,$825K,$790K - $860K,https://www.homes.co.nz/address/wellington/broadmeadows/9a-orissa-crescent/o0DKa
"28 Jaunpur Crescent, Broadmeadows, Wellington",13/08/1997,$1.05M,$1.01M - $1.1M,https://www.homes.co.nz/address/wellington/broadmeadows/28-jaunpur-crescent/X4LqJ
"53 Nalanda Crescent, Broadmeadows, Wellington",3/05/1999,$1.21M,$1.16M - $1.27M,https://www.homes.co.nz/address/wellington/broadmeadows/53-nalanda-crescent/jDgDj
"91 Burma Road, Broadmeadows, Wellington",1/01/1970,$1.16M,$1.11M - $1.21M,https://www.homes.co.nz/address/wellington/broadmeadows/91-burma-road/nLrBW
"28B John Sims Drive, Broadmeadows, Wellington",7/10/2012,$1M,$955K - $1.04M,https://www.homes.co.nz/address/wellington/broadmeadows/28b-john-sims-drive/zO0P5
"21 Jaunpur Crescent, Broadmeadows, Wellington",1/02/2021,$1.11M,$1.07M - $1.15M,https://www.homes.co.nz/address/wellington/broadmeadows/21-jaunpur-crescent/E0rR7
"45 Nalanda Crescent, Broadmeadows, Wellington",29/06/2009,$795K,$760K - $830K,https://www.homes.co.nz/address/wellington/broadmeadows/45-nalanda-crescent/Bl8vj
"45A Nalanda Crescent, Broadmeadows, Wellington",6/04/2017,$915K,$875K - $955K,https://www.homes.co.nz/address/wellington/broadmeadows/45a-nalanda-crescent/5E744
"2/24 Kanpur Road, Broadmeadows, Wellington",10/06/2021,$1.07M,$1.05M - $1.09M,https://www.homes.co.nz/address/wellington/broadmeadows/2-24-kanpur-road/Mkp05
"93B Burma Road, Broadmeadows, Wellington",3/12/2018,$1.02M,$975K - $1.07M,https://www.homes.co.nz/address/wellington/broadmeadows/93b-burma-road/0r00n
"4/27 Kanpur Road, Broadmeadows, Wellington",7/08/2007,$910K,$870K - $950K,https://www.homes.co.nz/address/wellington/broadmeadows/4-27-kanpur-road/nLpMN
"10A Hindipur Terrace, Broadmeadows, Wellington",24/04/2007,$1.1M,$1.05M - $1.15M,https://www.homes.co.nz/address/wellington/broadmeadows/10a-hindipur-terrace/Xx4wW
"10 Hindipur Terrace, Broadmeadows, Wellington",28/07/2002,$1.14M,$1.09M - $1.19M,https://www.homes.co.nz/address/wellington/broadmeadows/10-hindipur-terrace/PwaYX
"10 Birla Terrace, Broadmeadows, Wellington",4/05/2017,$755K,$720K - $785K,https://www.homes.co.nz/address/wellington/broadmeadows/10-birla-terrace/NXqnk
"25 John Sims Drive, Broadmeadows, Wellington",12/07/2010,$970K,$930K - $1.01M,https://www.homes.co.nz/address/wellington/broadmeadows/25-john-sims-drive/j7OZx
"31 John Sims Drive, Broadmeadows, Wellington",1/01/1970,$1.03M,$985K - $1.08M,https://www.homes.co.nz/address/wellington/broadmeadows/31-john-sims-drive/LDp5k
"37 John Sims Drive, Broadmeadows, Wellington",1/01/1970,$1.02M,$975K - $1.07M,https://www.homes.co.nz/address/wellington/broadmeadows/37-john-sims-drive/OgWZw
"39 John Sims Drive, Broadmeadows, Wellington",22/07/2014,$1.09M,$1.05M - $1.14M,https://www.homes.co.nz/address/wellington/broadmeadows/39-john-sims-drive/bLvPR
"44 John Sims Drive, Broadmeadows, Wellington",12/11/2004,$1.09M,$1.04M - $1.14M,https://www.homes.co.nz/address/wellington/broadmeadows/44-john-sims-drive/Ogp9w
"46 John Sims Drive, Broadmeadows, Wellington",1/01/1970,$1.04M,$995K - $1.09M,https://www.homes.co.nz/address/wellington/broadmeadows/46-john-sims-drive/X408B
"48 John Sims Drive, Broadmeadows, Wellington",16/04/1999,$1.06M,$1.02M - $1.11M,https://www.homes.co.nz/address/wellington/broadmeadows/48-john-sims-drive/OgKKR
"56 Rajkot Terrace, Broadmeadows, Wellington",19/03/2015,$1.25M,$1.2M - $1.3M,https://www.homes.co.nz/address/wellington/broadmeadows/56-rajkot-terrace/qkvG1
"6 Birla Terrace, Broadmeadows, Wellington",1/01/1970,$1.2M,$1.15M - $1.26M,https://www.homes.co.nz/address/wellington/broadmeadows/6-birla-terrace/o0epr
"10 Rajkot Terrace, Broadmeadows, Wellington",1/01/1970,$1.01M,$965K - $1.05M,https://www.homes.co.nz/address/wellington/broadmeadows/10-rajkot-terrace/bBaqe
"11 John Sims Drive, Broadmeadows, Wellington",1/01/1970,$1.01M,$965K - $1.05M,https://www.homes.co.nz/address/wellington/broadmeadows/11-john-sims-drive/nLzpn
"12 John Sims Drive, Broadmeadows, Wellington",1/01/1970,$1.26M,$1.21M - $1.32M,https://www.homes.co.nz/address/wellington/broadmeadows/12-john-sims-drive/4EOwL
"12 Rajkot Terrace, Broadmeadows, Wellington",1/01/1970,$1.12M,$1.07M - $1.17M,https://www.homes.co.nz/address/wellington/broadmeadows/12-rajkot-terrace/ggDz2
"17A John Sims Drive, Broadmeadows, Wellington",9/10/2014,$1.05M,$1M - $1.09M,https://www.homes.co.nz/address/wellington/broadmeadows/17a-john-sims-drive/W4Lxx
"19 John Sims Drive, Broadmeadows, Wellington",23/09/2002,$1.21M,$1.16M - $1.27M,https://www.homes.co.nz/address/wellington/broadmeadows/19-john-sims-drive/5Ee54
"22 Rajkot Terrace, Broadmeadows, Wellington",14/08/2013,$1.29M,$1.23M - $1.35M,https://www.homes.co.nz/address/wellington/broadmeadows/22-rajkot-terrace/DLnPN
"24 Rajkot Terrace, Broadmeadows, Wellington",28/02/1997,$1.11M,$1.06M - $1.16M,https://www.homes.co.nz/address/wellington/broadmeadows/24-rajkot-terrace/jD9VG
"34 Rajkot Terrace, Broadmeadows, Wellington",24/03/2005,$1.13M,$1.08M - $1.17M,https://www.homes.co.nz/address/wellington/broadmeadows/34-rajkot-terrace/jDe9e
"3 John Sims Drive, Broadmeadows, Wellington",1/01/1970,$955K,$915K - $1M,https://www.homes.co.nz/address/wellington/broadmeadows/3-john-sims-drive/MkxqK
"40 Rajkot Terrace, Broadmeadows, Wellington",1/01/1970,$1.17M,$1.12M - $1.22M,https://www.homes.co.nz/address/wellington/broadmeadows/40-rajkot-terrace/NXWAM
"42 Rajkot Terrace, Broadmeadows, Wellington",16/12/2014,$1.22M,$1.16M - $1.27M,https://www.homes.co.nz/address/wellington/broadmeadows/42-rajkot-terrace/0r2kj
"44 Rajkot Terrace, Broadmeadows, Wellington",1/01/1970,$1.17M,$1.12M - $1.22M,https://www.homes.co.nz/address/wellington/broadmeadows/44-rajkot-terrace/al9BL
"4 John Sims Drive, Broadmeadows, Wellington",17/09/2001,$1.22M,$1.17M - $1.28M,https://www.homes.co.nz/address/wellington/broadmeadows/4-john-sims-drive/AlaLD
"6 Rajkot Terrace, Broadmeadows, Wellington",23/04/1998,$905K,$865K - $945K,https://www.homes.co.nz/address/wellington/broadmeadows/6-rajkot-terrace/o0QxB
"15A John Sims Drive, Broadmeadows, Wellington",1/01/1970,$975K,$930K - $1.02M,https://www.homes.co.nz/address/wellington/broadmeadows/15a-john-sims-drive/Mkj14
"2/54 Rajkot Terrace, Broadmeadows, Wellington",8/02/2003,$790K,$755K - $825K,https://www.homes.co.nz/address/wellington/broadmeadows/2-54-rajkot-terrace/OxGEj
"1/54 Rajkot Terrace, Broadmeadows, Wellington",1/01/1970,$955K,$915K - $1M,https://www.homes.co.nz/address/wellington/broadmeadows/1-54-rajkot-terrace/Y27kP
"23A John Sims Drive, Broadmeadows, Wellington",4/04/2019,$950K,$910K - $995K,https://www.homes.co.nz/address/wellington/broadmeadows/23a-john-sims-drive/Mkqe4
"2A Rajkot Terrace, Broadmeadows, Wellington",9/11/2016,$555K,$530K - $580K,https://www.homes.co.nz/address/wellington/broadmeadows/2a-rajkot-terrace/K0xEB
"18 John Sims Drive, Broadmeadows, Wellington",7/02/2013,$1.38M,$1.32M - $1.44M,https://www.homes.co.nz/address/wellington/broadmeadows/18-john-sims-drive/LDJ7q
"29 John Sims Drive, Broadmeadows, Wellington",9/05/2016,$935K,$895K - $975K,https://www.homes.co.nz/address/wellington/broadmeadows/29-john-sims-drive/PajkG
"33 John Sims Drive, Broadmeadows, Wellington",8/01/1999,$1.04M,$995K - $1.09M,https://www.homes.co.nz/address/wellington/broadmeadows/33-john-sims-drive/Vavvq
"47 John Sims Drive, Broadmeadows, Wellington",4/12/2012,$775K,$745K - $810K,https://www.homes.co.nz/address/wellington/broadmeadows/47-john-sims-drive/ZoqKL
"58 Rajkot Terrace, Broadmeadows, Wellington",25/09/2008,$1.14M,$1.09M - $1.19M,https://www.homes.co.nz/address/wellington/broadmeadows/58-rajkot-terrace/GkBZr
"60 Rajkot Terrace, Broadmeadows, Wellington",1/04/2011,$1.2M,$1.15M - $1.26M,https://www.homes.co.nz/address/wellington/broadmeadows/60-rajkot-terrace/o0j8r
"64 Rajkot Terrace, Broadmeadows, Wellington",1/01/1970,$795K,$760K - $830K,https://www.homes.co.nz/address/wellington/broadmeadows/64-rajkot-terrace/Ogywe
"16 Rajkot Terrace, Broadmeadows, Wellington",5/06/2015,$1.11M,$1.06M - $1.16M,https://www.homes.co.nz/address/wellington/broadmeadows/16-rajkot-terrace/bLQny
"38 Rajkot Terrace, Broadmeadows, Wellington",19/05/2016,$1.45M,$1.38M - $1.51M,https://www.homes.co.nz/address/wellington/broadmeadows/38-rajkot-terrace/j78Gx
"5 John Sims Drive, Broadmeadows, Wellington",1/01/1970,$990K,$945K - $1.03M,https://www.homes.co.nz/address/wellington/broadmeadows/5-john-sims-drive/ybaza
"15B John Sims Drive, Broadmeadows, Wellington",4/08/2010,$1.04M,$995K - $1.09M,https://www.homes.co.nz/address/wellington/broadmeadows/15b-john-sims-drive/Y2G9n
"38 John Sims Drive, Broadmeadows, Wellington",13/11/2014,$1.33M,$1.27M - $1.39M,https://www.homes.co.nz/address/wellington/broadmeadows/38-john-sims-drive/lj8kZ
"2/40 John Sims Drive, Broadmeadows, Wellington",10/01/2005,$750K,$715K - $785K,https://www.homes.co.nz/address/wellington/broadmeadows/2-40-john-sims-drive/Y2JA5
"2/48 Rajkot Terrace, Broadmeadows, Wellington",24/03/2013,$805K,$770K - $840K,https://www.homes.co.nz/address/wellington/broadmeadows/2-48-rajkot-terrace/DLpl1
"17B John Sims Drive, Broadmeadows, Wellington",25/09/2012,$1.09M,$1.05M - $1.14M,https://www.homes.co.nz/address/wellington/broadmeadows/17b-john-sims-drive/zOZOz
"14 John Sims Drive, Broadmeadows, Wellington",1/01/1970,$1.49M,$1.42M - $1.55M,https://www.homes.co.nz/address/wellington/broadmeadows/14-john-sims-drive/al4bV
"14 Birla Terrace, Broadmeadows, Wellington",10/03/2009,$1.35M,$1.29M - $1.41M,https://www.homes.co.nz/address/wellington/broadmeadows/14-birla-terrace/JL8AR
"15 Birla Terrace, Broadmeadows, Wellington",5/12/2018,$990K,$945K - $1.03M,https://www.homes.co.nz/address/wellington/broadmeadows/15-birla-terrace/4E71l
"16 John Sims Drive, Broadmeadows, Wellington",1/01/1970,$1.35M,$1.29M - $1.41M,https://www.homes.co.nz/address/wellington/broadmeadows/16-john-sims-drive/zOab2
"20 John Sims Drive, Broadmeadows, Wellington",1/01/1970,$1.18M,$1.13M - $1.23M,https://www.homes.co.nz/address/wellington/broadmeadows/20-john-sims-drive/0rYwO
"29A John Sims Drive, Broadmeadows, Wellington",9/05/2016,$830K,$795K - $870K,https://www.homes.co.nz/address/wellington/broadmeadows/29a-john-sims-drive/Og7en
"35 John Sims Drive, Broadmeadows, Wellington",17/03/1998,$1M,$960K - $1.05M,https://www.homes.co.nz/address/wellington/broadmeadows/35-john-sims-drive/7EXXk
"41 John Sims Drive, Broadmeadows, Wellington",1/01/1970,$1.26M,$1.21M - $1.32M,https://www.homes.co.nz/address/wellington/broadmeadows/41-john-sims-drive/RONax
"42 John Sims Drive, Broadmeadows, Wellington",30/06/2021,$1.06M,$1.02M - $1.11M,https://www.homes.co.nz/address/wellington/broadmeadows/42-john-sims-drive/Ogkln
"4 Birla Terrace, Broadmeadows, Wellington",1/01/1970,$1.19M,$1.14M - $1.24M,https://www.homes.co.nz/address/wellington/broadmeadows/4-birla-terrace/lXMe9
"7 Birla Terrace, Broadmeadows, Wellington",27/09/2018,$975K,$930K - $1.02M,https://www.homes.co.nz/address/wellington/broadmeadows/7-birla-terrace/ggXz9
"10 John Sims Drive, Broadmeadows, Wellington",12/03/2015,$1.22M,$1.17M - $1.27M,https://www.homes.co.nz/address/wellington/broadmeadows/10-john-sims-drive/2EDYL
"18 Rajkot Terrace, Broadmeadows, Wellington",1/01/1970,$1.09M,$1.05M - $1.14M,https://www.homes.co.nz/address/wellington/broadmeadows/18-rajkot-terrace/gg0pM
"1 John Sims Drive, Broadmeadows, Wellington",1/01/1970,$985K,$940K - $1.03M,https://www.homes.co.nz/address/wellington/broadmeadows/1-john-sims-drive/ekxNJ
"2 John Sims Drive, Broadmeadows, Wellington",1/01/1970,$1.24M,$1.19M - $1.3M,https://www.homes.co.nz/address/wellington/broadmeadows/2-john-sims-drive/Ogpnj
"30 Rajkot Terrace, Broadmeadows, Wellington",24/09/2020,$1.11M,$1.06M - $1.16M,https://www.homes.co.nz/address/wellington/broadmeadows/30-rajkot-terrace/zOMvJ
"36 Rajkot Terrace, Broadmeadows, Wellington",6/07/2001,$1.23M,$1.17M - $1.28M,https://www.homes.co.nz/address/wellington/broadmeadows/36-rajkot-terrace/LD1g0
"6 John Sims Drive, Broadmeadows, Wellington",14/12/2006,$1.14M,$1.09M - $1.19M,https://www.homes.co.nz/address/wellington/broadmeadows/6-john-sims-drive/gg21K
"8 John Sims Drive, Broadmeadows, Wellington",18/03/2020,$1.11M,$1.07M - $1.16M,https://www.homes.co.nz/address/wellington/broadmeadows/8-john-sims-drive/OgOWR
"9 John Sims Drive, Broadmeadows, Wellington",1/01/1970,$1.01M,$965K - $1.05M,https://www.homes.co.nz/address/wellington/broadmeadows/9-john-sims-drive/7EGlq
"1/40 John Sims Drive, Broadmeadows, Wellington",17/03/2004,$775K,$740K - $810K,https://www.homes.co.nz/address/wellington/broadmeadows/1-40-john-sims-drive/nLJL9
"1/48 Rajkot Terrace, Broadmeadows, Wellington",1/01/1970,$805K,$770K - $840K,https://www.homes.co.nz/address/wellington/broadmeadows/1-48-rajkot-terrace/Zoq9O
"11 Birla Terrace, Broadmeadows, Wellington",4/06/2017,$890K,$850K - $930K,https://www.homes.co.nz/address/wellington/broadmeadows/11-birla-terrace/PaBpw
"12 Birla Terrace, Broadmeadows, Wellington",1/01/1970,$1.19M,$1.14M - $1.24M,https://www.homes.co.nz/address/wellington/broadmeadows/12-birla-terrace/bLrxz
"13 Birla Terrace, Broadmeadows, Wellington",17/01/2019,$1.03M,$985K - $1.07M,https://www.homes.co.nz/address/wellington/broadmeadows/13-birla-terrace/W4N9K
"21 John Sims Drive, Broadmeadows, Wellington",30/09/2020,$1.18M,$1.13M - $1.23M,https://www.homes.co.nz/address/wellington/broadmeadows/21-john-sims-drive/Mk2A5
"3 Birla Terrace, Broadmeadows, Wellington",1/01/1970,$1.01M,$960K - $1.05M,https://www.homes.co.nz/address/wellington/broadmeadows/3-birla-terrace/AlVwn
"43 John Sims Drive, Broadmeadows, Wellington",1/01/1970,$1.09M,$1.04M - $1.13M,https://www.homes.co.nz/address/wellington/broadmeadows/43-john-sims-drive/ekvNw
"45 John Sims Drive, Broadmeadows, Wellington",8/05/2012,$1.16M,$1.11M - $1.21M,https://www.homes.co.nz/address/wellington/broadmeadows/45-john-sims-drive/ROQ87
"46A Rajkot Terrace, Broadmeadows, Wellington",9/09/2014,$845K,$810K - $880K,https://www.homes.co.nz/address/wellington/broadmeadows/46a-rajkot-terrace/rXW08
"46 Rajkot Terrace, Broadmeadows, Wellington",22/10/1999,$845K,$810K - $885K,https://www.homes.co.nz/address/wellington/broadmeadows/46-rajkot-terrace/LD21J
"50 Rajkot Terrace, Broadmeadows, Wellington",1/01/1970,$1.26M,$1.2M - $1.31M,https://www.homes.co.nz/address/wellington/broadmeadows/50-rajkot-terrace/4EM9L
"52 Rajkot Terrace, Broadmeadows, Wellington",23/11/2020,$1.27M,$1.21M - $1.32M,https://www.homes.co.nz/address/wellington/broadmeadows/52-rajkot-terrace/W4Apk
"5 Birla Terrace, Broadmeadows, Wellington",1/01/1970,$1.12M,$1.07M - $1.17M,https://www.homes.co.nz/address/wellington/broadmeadows/5-birla-terrace/JL5lY
"62 Rajkot Terrace, Broadmeadows, Wellington",1/11/2019,$985K,$945K - $1.03M,https://www.homes.co.nz/address/wellington/broadmeadows/62-rajkot-terrace/alORV
"64A Rajkot Terrace, Broadmeadows, Wellington",29/10/1999,$790K,$755K - $825K,https://www.homes.co.nz/address/wellington/broadmeadows/64a-rajkot-terrace/Y2LMp
"66 Rajkot Terrace, Broadmeadows, Wellington",2/11/2020,$910K,$870K - $950K,https://www.homes.co.nz/address/wellington/broadmeadows/66-rajkot-terrace/4E9KQ
"8 Birla Terrace, Broadmeadows, Wellington",20/10/2017,$800K,$765K - $835K,https://www.homes.co.nz/address/wellington/broadmeadows/8-birla-terrace/yb87z
"9 Birla Terrace, Broadmeadows, Wellington",5/12/2019,$1.08M,$1.04M - $1.13M,https://www.homes.co.nz/address/wellington/broadmeadows/9-birla-terrace/X48gb
"14 Rajkot Terrace, Broadmeadows, Wellington",13/01/2015,$1.06M,$1.02M - $1.11M,https://www.homes.co.nz/address/wellington/broadmeadows/14-rajkot-terrace/DLO9N
"20 Rajkot Terrace, Broadmeadows, Wellington",9/12/2005,$1.18M,$1.13M - $1.23M,https://www.homes.co.nz/address/wellington/broadmeadows/20-rajkot-terrace/MkWYB
"28 Rajkot Terrace, Broadmeadows, Wellington",23/11/2018,$1.08M,$1.04M - $1.13M,https://www.homes.co.nz/address/wellington/broadmeadows/28-rajkot-terrace/Pavev
"4 Rajkot Terrace, Broadmeadows, Wellington",28/10/2015,$1.07M,$1.02M - $1.12M,https://www.homes.co.nz/address/wellington/broadmeadows/4-rajkot-terrace/VaR07
"7 John Sims Drive, Broadmeadows, Wellington",16/04/2003,$1.07M,$1.03M - $1.12M,https://www.homes.co.nz/address/wellington/broadmeadows/7-john-sims-drive/ekq7w
"8 Rajkot Terrace, Broadmeadows, Wellington",24/11/2002,$955K,$915K - $995K,https://www.homes.co.nz/address/wellington/broadmeadows/8-rajkot-terrace/Mwoen
"23B John Sims Drive, Broadmeadows, Wellington",26/01/2011,$950K,$910K - $995K,https://www.homes.co.nz/address/wellington/broadmeadows/23b-john-sims-drive/kkXEO
"2 Rajkot Terrace, Broadmeadows, Wellington",9/11/2016,$555K,$530K - $580K,https://www.homes.co.nz/address/wellington/broadmeadows/2-rajkot-terrace/LDx5K
"23 Bandipur Terrace, Broadmeadows, Wellington",23/09/2020,$1.54M,$1.47M - $1.61M,https://www.homes.co.nz/address/wellington/broadmeadows/23-bandipur-terrace/DLyb0
"2A Bandipur Terrace, Broadmeadows, Wellington",9/01/2019,$940K,$895K - $980K,https://www.homes.co.nz/address/wellington/broadmeadows/2a-bandipur-terrace/8480K
"4B Bandipur Terrace, Broadmeadows, Wellington",7/07/2001,$970K,$930K - $1.01M,https://www.homes.co.nz/address/wellington/broadmeadows/4b-bandipur-terrace/alOnn
"2/66 Nalanda Crescent, Broadmeadows, Wellington",2/09/1996,$1.04M,$995K - $1.09M,https://www.homes.co.nz/address/wellington/broadmeadows/2-66-nalanda-crescent/lX0qw
"65 Rajkot Terrace, Broadmeadows, Wellington",1/01/1970,$1.01M,$965K - $1.05M,https://www.homes.co.nz/address/wellington/broadmeadows/65-rajkot-terrace/o0JM2
"61A John Sims Drive, Broadmeadows, Wellington",13/04/2019,$905K,$870K - $945K,https://www.homes.co.nz/address/wellington/broadmeadows/61a-john-sims-drive/ZoVzv
"8A Bandipur Terrace, Broadmeadows, Wellington",5/09/2018,$940K,$900K - $985K,https://www.homes.co.nz/address/wellington/broadmeadows/8a-bandipur-terrace/gjVaD
"60 Nalanda Crescent, Broadmeadows, Wellington",26/05/2016,$985K,$940K - $1.03M,https://www.homes.co.nz/address/wellington/broadmeadows/60-nalanda-crescent/Kw79k
"24 Bandipur Terrace, Broadmeadows, Wellington",13/09/2018,$1.09M,$1.04M - $1.14M,https://www.homes.co.nz/address/wellington/broadmeadows/24-bandipur-terrace/K09xB
"75A John Sims Drive, Broadmeadows, Wellington",20/07/2016,$1.31M,$1.25M - $1.36M,https://www.homes.co.nz/address/wellington/broadmeadows/75a-john-sims-drive/BgWlq
"15 Bandipur Terrace, Broadmeadows, Wellington",19/07/2013,$930K,$890K - $975K,https://www.homes.co.nz/address/wellington/broadmeadows/15-bandipur-terrace/84DBg
"16A Nalanda Crescent, Broadmeadows, Wellington",24/05/2016,$745K,$715K - $780K,https://www.homes.co.nz/address/wellington/broadmeadows/16a-nalanda-crescent/nLjlp
"50 Nalanda Crescent, Broadmeadows, Wellington",1/01/1970,$1.24M,$1.18M - $1.29M,https://www.homes.co.nz/address/wellington/broadmeadows/50-nalanda-crescent/5EAZ5
"49 John Sims Drive, Broadmeadows, Wellington",24/03/2016,$860K,$825K - $900K,https://www.homes.co.nz/address/wellington/broadmeadows/49-john-sims-drive/qkrkO
"10 Nalanda Crescent, Broadmeadows, Wellington",23/05/2006,$900K,$865K - $940K,https://www.homes.co.nz/address/wellington/broadmeadows/10-nalanda-crescent/bLKbl
"4A Bandipur Terrace, Broadmeadows, Wellington",20/06/2012,$865K,$825K - $900K,https://www.homes.co.nz/address/wellington/broadmeadows/4a-bandipur-terrace/x4Ryz
"54 Nalanda Crescent, Broadmeadows, Wellington",24/08/2013,$1.15M,$1.1M - $1.2M,https://www.homes.co.nz/address/wellington/broadmeadows/54-nalanda-crescent/vyYaO
"71 John Sims Drive, Broadmeadows, Wellington",11/12/2020,$1.07M,$1.02M - $1.12M,https://www.homes.co.nz/address/wellington/broadmeadows/71-john-sims-drive/849j1
"57B John Sims Drive, Broadmeadows, Wellington",10/05/2016,$890K,$850K - $930K,https://www.homes.co.nz/address/wellington/broadmeadows/57b-john-sims-drive/bL7OY
"1/14 Bandipur Terrace, Broadmeadows, Wellington",17/12/2020,$930K,$890K - $970K,https://www.homes.co.nz/address/wellington/broadmeadows/1-14-bandipur-terrace/NXjrl
"22 Nalanda Crescent, Broadmeadows, Wellington",18/03/2021,$1.09M,$1.06M - $1.12M,https://www.homes.co.nz/address/wellington/broadmeadows/22-nalanda-crescent/84Xkg
"25 Bandipur Terrace, Broadmeadows, Wellington",17/09/2020,$1.51M,$1.44M - $1.57M,https://www.homes.co.nz/address/wellington/broadmeadows/25-bandipur-terrace/rXlbM
"3 Bandipur Terrace, Broadmeadows, Wellington",1/01/1970,$1.01M,$965K - $1.06M,https://www.homes.co.nz/address/wellington/broadmeadows/3-bandipur-terrace/AlngG
"55 John Sims Drive, Broadmeadows, Wellington",14/04/2016,$810K,$775K - $845K,https://www.homes.co.nz/address/wellington/broadmeadows/55-john-sims-drive/ybBGM
"9 Bandipur Terrace, Broadmeadows, Wellington",26/01/2016,$1.31M,$1.26M - $1.37M,https://www.homes.co.nz/address/wellington/broadmeadows/9-bandipur-terrace/QYnox
"75B John Sims Drive, Broadmeadows, Wellington",20/07/2017,$1.31M,$1.25M - $1.36M,https://www.homes.co.nz/address/wellington/broadmeadows/75b-john-sims-drive/kQ4kv
"21 Bandipur Terrace, Broadmeadows, Wellington",9/12/1998,$1.1M,$1.05M - $1.14M,https://www.homes.co.nz/address/wellington/broadmeadows/21-bandipur-terrace/W4LqK
"63 Rajkot Terrace, Broadmeadows, Wellington",1/01/1970,$1.1M,$1.05M - $1.14M,https://www.homes.co.nz/address/wellington/broadmeadows/63-rajkot-terrace/8YZ7j
"2/59 John Sims Drive, Broadmeadows, Wellington",1/02/1998,$960K,$920K - $1M,https://www.homes.co.nz/address/wellington/broadmeadows/2-59-john-sims-drive/wxMK9
"12 Nalanda Crescent, Broadmeadows, Wellington",1/01/1970,$850K,$815K - $890K,https://www.homes.co.nz/address/wellington/broadmeadows/12-nalanda-crescent/qkVnD
"30 Nalanda Crescent, Broadmeadows, Wellington",3/05/2016,$1.19M,$1.14M - $1.24M,https://www.homes.co.nz/address/wellington/broadmeadows/30-nalanda-crescent/pDgOO
"52 Nalanda Crescent, Broadmeadows, Wellington",9/08/2001,$1.15M,$1.1M - $1.2M,https://www.homes.co.nz/address/wellington/broadmeadows/52-nalanda-crescent/nyax7
"58 Nalanda Crescent, Broadmeadows, Wellington",4/11/2003,$1.02M,$975K - $1.06M,https://www.homes.co.nz/address/wellington/broadmeadows/58-nalanda-crescent/2EY9Z
"5 Bandipur Terrace, Broadmeadows, Wellington",1/01/1970,$835K,$795K - $870K,https://www.homes.co.nz/address/wellington/broadmeadows/5-bandipur-terrace/ggkEK
"62 Nalanda Crescent, Broadmeadows, Wellington",6/07/2002,$1.24M,$1.18M - $1.29M,https://www.homes.co.nz/address/wellington/broadmeadows/62-nalanda-crescent/gg1ye
"61B John Sims Drive, Broadmeadows, Wellington",6/05/2011,$1.03M,$990K - $1.08M,https://www.homes.co.nz/address/wellington/broadmeadows/61b-john-sims-drive/ggPM2
"16 Bandipur Terrace, Broadmeadows, Wellington",24/12/2008,$1.08M,$1.03M - $1.12M,https://www.homes.co.nz/address/wellington/broadmeadows/16-bandipur-terrace/15V2R
"17 Bandipur Terrace, Broadmeadows, Wellington",9/12/2010,$1.18M,$1.13M - $1.23M,https://www.homes.co.nz/address/wellington/broadmeadows/17-bandipur-terrace/pDwlO
"8B Bandipur Terrace, Broadmeadows, Wellington",2/12/2014,$925K,$885K - $965K,https://www.homes.co.nz/address/wellington/broadmeadows/8b-bandipur-terrace/nLVKW
"36 Nalanda Crescent, Broadmeadows, Wellington",21/08/2018,$1.19M,$1.14M - $1.25M,https://www.homes.co.nz/address/wellington/broadmeadows/36-nalanda-crescent/DLQrr
"67 John Sims Drive, Broadmeadows, Wellington",1/01/1970,$1.42M,$1.36M - $1.48M,https://www.homes.co.nz/address/wellington/broadmeadows/67-john-sims-drive/Y2JDy
"26 Bandipur Terrace, Broadmeadows, Wellington",1/01/1970,$1.11M,$1.06M - $1.16M,https://www.homes.co.nz/address/wellington/broadmeadows/26-bandipur-terrace/84VQn
"61 Rajkot Terrace, Broadmeadows, Wellington",19/07/1993,$990K,$945K - $1.03M,https://www.homes.co.nz/address/wellington/broadmeadows/61-rajkot-terrace/nLb2p
"77 John Sims Drive, Broadmeadows, Wellington",5/02/2020,$930K,$885K - $970K,https://www.homes.co.nz/address/wellington/broadmeadows/77-john-sims-drive/K0wOn
"20 Bandipur Terrace, Broadmeadows, Wellington",10/08/2017,$265K,$240K - $285K,https://www.homes.co.nz/address/wellington/broadmeadows/20-bandipur-terrace/JLqrY
"40 Nalanda Crescent, Broadmeadows, Wellington",1/08/2002,$1.01M,$965K - $1.06M,https://www.homes.co.nz/address/wellington/broadmeadows/40-nalanda-crescent/X4GwW
"4 Nalanda Crescent, Broadmeadows, Wellington",19/03/2002,$1.25M,$1.19M - $1.3M,https://www.homes.co.nz/address/wellington/broadmeadows/4-nalanda-crescent/Og12N
"2/14 Bandipur Terrace, Broadmeadows, Wellington",2/12/2020,$890K,$850K - $930K,https://www.homes.co.nz/address/wellington/broadmeadows/2-14-bandipur-terrace/Bl04k
"28 Nalanda Crescent, Broadmeadows, Wellington",1/01/1970,$1.32M,$1.26M - $1.38M,https://www.homes.co.nz/address/wellington/broadmeadows/28-nalanda-crescent/bLvry
"53 John Sims Drive, Broadmeadows, Wellington",20/05/2015,$1.27M,$1.21M - $1.32M,https://www.homes.co.nz/address/wellington/broadmeadows/53-john-sims-drive/0r9oG
"56 Nalanda Crescent, Broadmeadows, Wellington",3/03/2004,$1.03M,$985K - $1.08M,https://www.homes.co.nz/address/wellington/broadmeadows/56-nalanda-crescent/Pao0w
"22 Bandipur Terrace, Broadmeadows, Wellington",14/12/2017,$960K,$915K - $1M,https://www.homes.co.nz/address/wellington/broadmeadows/22-bandipur-terrace/Vao9y
"34 Nalanda Crescent, Broadmeadows, Wellington",23/08/2018,$915K,$875K - $955K,https://www.homes.co.nz/address/wellington/broadmeadows/34-nalanda-crescent/GkyKr
"46 Nalanda Crescent, Broadmeadows, Wellington",1/01/1970,$1.05M,$1.01M - $1.1M,https://www.homes.co.nz/address/wellington/broadmeadows/46-nalanda-crescent/LDBPK
"79 John Sims Drive, Broadmeadows, Wellington",30/06/2014,$995K,$950K - $1.04M,https://www.homes.co.nz/address/wellington/broadmeadows/79-john-sims-drive/ybk0E
"69 Rajkot Terrace, Broadmeadows, Wellington",6/10/2009,$940K,$900K - $980K,https://www.homes.co.nz/address/wellington/broadmeadows/69-rajkot-terrace/kkpyp
"57D John Sims Drive, Broadmeadows, Wellington",24/07/2013,$860K,$820K - $895K,https://www.homes.co.nz/address/wellington/broadmeadows/57d-john-sims-drive/qk4lX
"42 Nalanda Crescent, Broadmeadows, Wellington",16/06/2011,$1.35M,$1.29M - $1.41M,https://www.homes.co.nz/address/wellington/broadmeadows/42-nalanda-crescent/X4LeW
"7 Bandipur Terrace, Broadmeadows, Wellington",20/03/2006,$1.18M,$1.13M - $1.23M,https://www.homes.co.nz/address/wellington/broadmeadows/7-bandipur-terrace/zOAqB
"12 Bandipur Terrace, Broadmeadows, Wellington",18/08/2016,$1.12M,$1.07M - $1.17M,https://www.homes.co.nz/address/wellington/broadmeadows/12-bandipur-terrace/qklb0
"16 Nalanda Crescent, Broadmeadows, Wellington",6/12/2000,$800K,$765K - $835K,https://www.homes.co.nz/address/wellington/broadmeadows/16-nalanda-crescent/84akn
"26 Nalanda Crescent, Broadmeadows, Wellington",1/01/1970,$1.29M,$1.24M - $1.35M,https://www.homes.co.nz/address/wellington/broadmeadows/26-nalanda-crescent/zOka8
"44 Nalanda Crescent, Broadmeadows, Wellington",1/01/1970,$1M,$955K - $1.04M,https://www.homes.co.nz/address/wellington/broadmeadows/44-nalanda-crescent/kkEwl
"51B John Sims Drive, Broadmeadows, Wellington",25/03/2003,$930K,$890K - $975K,https://www.homes.co.nz/address/wellington/broadmeadows/51b-john-sims-drive/VaRbl
"63 John Sims Drive, Broadmeadows, Wellington",13/05/2021,$960K,$935K - $980K,https://www.homes.co.nz/address/wellington/broadmeadows/63-john-sims-drive/OgJG1
"67 Rajkot Terrace, Broadmeadows, Wellington",11/10/2006,$990K,$950K - $1.04M,https://www.homes.co.nz/address/wellington/broadmeadows/67-rajkot-terrace/zOrez
"1/66 Nalanda Crescent, Broadmeadows, Wellington",31/10/2013,$1.07M,$1.03M - $1.12M,https://www.homes.co.nz/address/wellington/broadmeadows/1-66-nalanda-crescent/LDkxX
"65 John Sims Drive, Broadmeadows, Wellington",5/06/2002,$1.75M,$1.67M - $1.83M,https://www.homes.co.nz/address/wellington/broadmeadows/65-john-sims-drive/PaoED
"11 Bandipur Terrace, Broadmeadows, Wellington",4/02/2014,$890K,$850K - $930K,https://www.homes.co.nz/address/wellington/broadmeadows/11-bandipur-terrace/MknE1
"13 Bandipur Terrace, Broadmeadows, Wellington",1/01/1970,$1.15M,$1.1M - $1.2M,https://www.homes.co.nz/address/wellington/broadmeadows/13-bandipur-terrace/x4DyO
"38 Nalanda Crescent, Broadmeadows",5/07/2021,$1.06M,$1.02M - $1.11M,https://www.homes.co.nz/address/wellington/broadmeadows/38-nalanda-crescent/o0qqV
"6 Bandipur Terrace, Broadmeadows, Wellington",6/07/2020,$1.1M,$1.05M - $1.15M,https://www.homes.co.nz/address/wellington/broadmeadows/6-bandipur-terrace/4EV9r
"14 Nalanda Crescent, Broadmeadows, Wellington",18/07/2011,$975K,$935K - $1.02M,https://www.homes.co.nz/address/wellington/broadmeadows/14-nalanda-crescent/JLZrO
"19 Bandipur Terrace, Broadmeadows, Wellington",7/04/2021,$1.29M,$1.25M - $1.32M,https://www.homes.co.nz/address/wellington/broadmeadows/19-bandipur-terrace/bL77a
"20 Nalanda Crescent, Broadmeadows, Wellington",18/06/2009,$1.26M,$1.2M - $1.31M,https://www.homes.co.nz/address/wellington/broadmeadows/20-nalanda-crescent/rXbpR
"51A John Sims Drive, Broadmeadows, Wellington",29/03/2007,$935K,$895K - $980K,https://www.homes.co.nz/address/wellington/broadmeadows/51a-john-sims-drive/alzOV
"8 Nalanda Crescent, Broadmeadows, Wellington",10/11/2004,$1.28M,$1.22M - $1.33M,https://www.homes.co.nz/address/wellington/broadmeadows/8-nalanda-crescent/X4lGY
"55A John Sims Drive, Broadmeadows, Wellington",4/08/1997,$820K,$785K - $855K,https://www.homes.co.nz/address/wellington/broadmeadows/55a-john-sims-drive/ggZzQ
"64 Nalanda Crescent, Broadmeadows, Wellington",16/10/2009,$1.08M,$1.03M - $1.12M,https://www.homes.co.nz/address/wellington/broadmeadows/64-nalanda-crescent/5EeBV
"1/59 John Sims Drive, Broadmeadows, Wellington",14/10/2015,$990K,$945K - $1.03M,https://www.homes.co.nz/address/wellington/broadmeadows/1-59-john-sims-drive/8491M
"57A John Sims Drive, Broadmeadows, Wellington",10/05/2016,$895K,$860K - $935K,https://www.homes.co.nz/address/wellington/broadmeadows/57a-john-sims-drive/W4qR1
"10 Bandipur Terrace, Broadmeadows, Wellington",11/04/2010,$845K,$805K - $880K,https://www.homes.co.nz/address/wellington/broadmeadows/10-bandipur-terrace/RO9eg
"24 Nalanda Crescent, Broadmeadows, Wellington",17/03/1996,$1.47M,$1.41M - $1.54M,https://www.homes.co.nz/address/wellington/broadmeadows/24-nalanda-crescent/Y244y
"2B Bandipur Terrace, Broadmeadows, Wellington",6/05/1999,$840K,$805K - $880K,https://www.homes.co.nz/address/wellington/broadmeadows/2b-bandipur-terrace/Vapal
"57C John Sims Drive, Broadmeadows, Wellington",19/02/1998,$890K,$850K - $925K,https://www.homes.co.nz/address/wellington/broadmeadows/57c-john-sims-drive/lXDkb
"73 John Sims Drive, Broadmeadows, Wellington",3/12/2015,$1.15M,$1.1M - $1.2M,https://www.homes.co.nz/address/wellington/broadmeadows/73-john-sims-drive/PJ7yz
"67A Kanpur Road, Broadmeadows, Wellington",20/03/2017,$1.08M,$1.03M - $1.13M,https://www.homes.co.nz/address/wellington/broadmeadows/67a-kanpur-road/DnebL
"67C Kanpur Road, Broadmeadows, Wellington",1/01/1970,$1.19M,$1.13M - $1.24M,https://www.homes.co.nz/address/wellington/broadmeadows/67c-kanpur-road/r0RW8
"38A Kanpur Road, Broadmeadows, Wellington",12/04/2012,$760K,$725K - $795K,https://www.homes.co.nz/address/wellington/broadmeadows/38a-kanpur-road/Y2o2G
"38 Kanpur Road, Broadmeadows, Wellington",30/03/2009,$710K,$680K - $740K,https://www.homes.co.nz/address/wellington/broadmeadows/38-kanpur-road/wx2qD
"40 Kanpur Road, Broadmeadows, Wellington",22/11/2012,$1.34M,$1.28M - $1.4M,https://www.homes.co.nz/address/wellington/broadmeadows/40-kanpur-road/nLjb9
"42B Kanpur Road, Broadmeadows, Wellington",20/11/2004,$815K,$775K - $850K,https://www.homes.co.nz/address/wellington/broadmeadows/42b-kanpur-road/JLQqv
"46 Kanpur Road, Broadmeadows, Wellington",5/02/2009,$1.41M,$1.35M - $1.47M,https://www.homes.co.nz/address/wellington/broadmeadows/46-kanpur-road/JL5zq
"48 Kanpur Road, Broadmeadows, Wellington",11/01/2000,$890K,$850K - $930K,https://www.homes.co.nz/address/wellington/broadmeadows/48-kanpur-road/qkW71
"50 Kanpur Road, Broadmeadows, Wellington",25/02/2002,$1.36M,$1.3M - $1.42M,https://www.homes.co.nz/address/wellington/broadmeadows/50-kanpur-road/WAjG1
"52 Kanpur Road, Broadmeadows, Wellington",12/02/2008,$1.38M,$1.32M - $1.44M,https://www.homes.co.nz/address/wellington/broadmeadows/52-kanpur-road/15D71
"53 Kanpur Road, Broadmeadows, Wellington",14/10/2006,$1.13M,$1.08M - $1.18M,https://www.homes.co.nz/address/wellington/broadmeadows/53-kanpur-road/AEz1z
"54 Kanpur Road, Broadmeadows, Wellington",17/10/2013,$1.28M,$1.22M - $1.34M,https://www.homes.co.nz/address/wellington/broadmeadows/54-kanpur-road/0r17O
"55 Kanpur Road, Broadmeadows, Wellington",1/01/1970,$1.27M,$1.21M - $1.32M,https://www.homes.co.nz/address/wellington/broadmeadows/55-kanpur-road/jDLG5
"56 Kanpur Road, Broadmeadows, Wellington",24/05/2016,$725K,$665K - $790K,https://www.homes.co.nz/address/wellington/broadmeadows/56-kanpur-road/E0zrG
"57 Kanpur Road, Broadmeadows, Wellington",24/04/1996,$1.18M,$1.12M - $1.23M,https://www.homes.co.nz/address/wellington/broadmeadows/57-kanpur-road/2E9Ve
"58A Kanpur Road, Broadmeadows, Wellington",4/12/2019,$1.13M,$1.08M - $1.18M,https://www.homes.co.nz/address/wellington/broadmeadows/58a-kanpur-road/159RE
"59 Kanpur Road, Broadmeadows, Wellington",1/01/1970,$1.38M,$1.32M - $1.44M,https://www.homes.co.nz/address/wellington/broadmeadows/59-kanpur-road/K0N5q
"60 Kanpur Road, Broadmeadows, Wellington",17/05/2006,$1.25M,$1.19M - $1.3M,https://www.homes.co.nz/address/wellington/broadmeadows/60-kanpur-road/zO25R
"61 Kanpur Road, Broadmeadows, Wellington",1/01/1970,$1.42M,$1.36M - $1.48M,https://www.homes.co.nz/address/wellington/broadmeadows/61-kanpur-road/pD0wV
"62 Kanpur Road, Broadmeadows, Wellington",1/01/1970,$1.18M,$1.13M - $1.23M,https://www.homes.co.nz/address/wellington/broadmeadows/62-kanpur-road/W4wBW
"63 Kanpur Road, Broadmeadows, Wellington",1/01/1970,$1.3M,$1.24M - $1.36M,https://www.homes.co.nz/address/wellington/broadmeadows/63-kanpur-road/ROk8x
"64 Kanpur Road, Broadmeadows, Wellington",1/01/1970,$495K,$450K - $535K,https://www.homes.co.nz/address/wellington/broadmeadows/64-kanpur-road/Blao7
"65 Kanpur Road, Broadmeadows, Wellington",17/10/1997,$1.46M,$1.4M - $1.53M,https://www.homes.co.nz/address/wellington/broadmeadows/65-kanpur-road/MkaLn
"66 Kanpur Road, Broadmeadows, Wellington",9/11/2006,$1.22M,$1.17M - $1.27M,https://www.homes.co.nz/address/wellington/broadmeadows/66-kanpur-road/VaGAJ
"67 Kanpur Road, Broadmeadows, Wellington",17/03/2017,$1.38M,$1.32M - $1.44M,https://www.homes.co.nz/address/wellington/broadmeadows/67-kanpur-road/wxr7r
"68 Kanpur Road, Broadmeadows, Wellington",17/03/1999,$1.17M,$1.12M - $1.23M,https://www.homes.co.nz/address/wellington/broadmeadows/68-kanpur-road/Y2wly
"70 Kanpur Road, Broadmeadows, Wellington",26/07/2004,$1.21M,$1.16M - $1.27M,https://www.homes.co.nz/address/wellington/broadmeadows/70-kanpur-road/Y2D2y
"72 Kanpur Road, Broadmeadows, Wellington",2/11/2014,$1.25M,$1.19M - $1.3M,https://www.homes.co.nz/address/wellington/broadmeadows/72-kanpur-road/0knrn
"73 Kanpur Road, Broadmeadows, Wellington",25/07/2012,$1.4M,$1.33M - $1.46M,https://www.homes.co.nz/address/wellington/broadmeadows/73-kanpur-road/JL2lR
"74 Kanpur Road, Broadmeadows, Wellington",22/01/1999,$1.06M,$1.01M - $1.1M,https://www.homes.co.nz/address/wellington/broadmeadows/74-kanpur-road/Y2qNp
"75 Kanpur Road, Broadmeadows, Wellington",1/01/1970,$890K,$850K - $930K,https://www.homes.co.nz/address/wellington/broadmeadows/75-kanpur-road/Y2ZyV
"76 Kanpur Road, Broadmeadows, Wellington",19/06/1997,$1.34M,$1.28M - $1.4M,https://www.homes.co.nz/address/wellington/broadmeadows/76-kanpur-road/4EeEg
"77 Kanpur Road, Broadmeadows, Wellington",1/01/1970,$1.33M,$1.27M - $1.38M,https://www.homes.co.nz/address/wellington/broadmeadows/77-kanpur-road/4Eo8V
"79 Kanpur Road, Broadmeadows, Wellington",11/09/2020,$1.04M,$1M - $1.09M,https://www.homes.co.nz/address/wellington/broadmeadows/79-kanpur-road/vyGJe
"81 Kanpur Road, Broadmeadows, Wellington",1/01/1970,$1.22M,$1.17M - $1.28M,https://www.homes.co.nz/address/wellington/broadmeadows/81-kanpur-road/W4Gkb
"58B Kanpur Road, Broadmeadows, Wellington",21/03/2017,$1.07M,$1.02M - $1.11M,https://www.homes.co.nz/address/wellington/broadmeadows/58b-kanpur-road/E0P2x
"67B Kanpur Road, Broadmeadows, Wellington",18/05/2018,$1.15M,$1.1M - $1.2M,https://www.homes.co.nz/address/wellington/broadmeadows/67b-kanpur-road/aRXja
"103A Burma Road, Broadmeadows, Wellington",1/01/1970,$22K,$20K - $24K,https://www.homes.co.nz/address/wellington/broadmeadows/103a-burma-road/oEEXQ
"32 Nalanda Crescent, Broadmeadows, Wellington",2/09/2016,$1.34M,$1.28M - $1.4M,https://www.homes.co.nz/address/wellington/broadmeadows/32-nalanda-crescent/gg9bV
"32A Nalanda Crescent, Broadmeadows, Wellington",31/10/2012,$875K,$835K - $910K,https://www.homes.co.nz/address/wellington/broadmeadows/32a-nalanda-crescent/5ElKL
"12 Jaunpur Crescent, Broadmeadows, Wellington",1/01/1970,$210K,$190K - $230K,https://www.homes.co.nz/address/wellington/broadmeadows/12-jaunpur-crescent/wGv7r
"10 Jaunpur Crescent, Broadmeadows, Wellington",16/01/2018,$490K,$445K - $530K,https://www.homes.co.nz/address/wellington/broadmeadows/10-jaunpur-crescent/pDY9G
"20 Jaunpur Crescent, Broadmeadows, Wellington",10/06/2019,$910K,$870K - $950K,https://www.homes.co.nz/address/wellington/broadmeadows/20-jaunpur-crescent/4KRBg
"1/32 Rajkot Terrace, Broadmeadows, Wellington",23/10/2020,$875K,$840K - $915K,https://www.homes.co.nz/address/wellington/broadmeadows/1-32-rajkot-terrace/QRZ9X
"1/84 Kanpur Road, Broadmeadows, Wellington",30/07/2000,$815K,$780K - $850K,https://www.homes.co.nz/address/wellington/broadmeadows/1-84-kanpur-road/ROrzg
"2/84 Kanpur Road, Broadmeadows, Wellington",25/02/2004,$815K,$780K - $850K,https://www.homes.co.nz/address/wellington/broadmeadows/2-84-kanpur-road/rrL8G